,revisions,edited pages,revisions/page,mean contribution,first activity,last activity
ClueBot NG,12531,842,14.8824228029,0.0169268333568,2010-11-02 20:01:51,2015-03-31 22:55:36
ClueBot,7559,671,11.2652757079,0.00932440147676,2007-08-04 00:48:06,2010-12-02 19:12:31
SmackBot,7395,1313,5.63214013709,0.0184914492853,2006-03-04 21:44:13,2011-07-12 06:12:49
AnomieBOT,3546,876,4.04794520548,0.00796867670488,2008-08-26 20:03:25,2015-04-01 01:31:28
AntiVandalBot,2532,360,7.03333333333,0.00388003216406,2006-06-07 16:45:08,2007-04-02 15:47:20
Yobot,2277,1044,2.18103448276,0.0117839952683,2008-07-12 09:10:52,2015-04-01 06:41:21
VoABot II,1764,347,5.08357348703,0.00326131950476,2006-08-07 15:53:32,2009-10-06 13:14:59
Cydebot,1757,773,2.27296248383,0.0142603001248,2006-04-21 17:54:25,2015-03-21 18:02:38
Addbot,1617,1349,1.19866567828,0.0113331543073,2008-05-10 15:28:25,2013-08-21 04:22:40
YurikBot,1511,555,2.72252252252,0.00566249761741,2005-07-13 12:14:04,2006-08-28 13:01:34
Tawkerbot2,1457,279,5.22222222222,0.00262132572254,2006-03-05 12:48:58,2006-10-25 03:34:41
Luckas-bot,1386,680,2.03823529412,0.00665203367863,2008-06-23 21:29:00,2012-05-20 21:53:04
EmausBot,1324,637,2.07849293564,0.00682633577421,2010-06-09 11:45:26,2015-02-10 17:26:43
RjwilmsiBot,1311,817,1.60465116279,0.0185533127894,2009-12-17 00:37:21,2014-08-30 14:32:34
MartinBot,1185,302,3.9238410596,0.00268101226811,2006-09-17 15:48:27,2007-09-30 17:17:45
FrescoBot,1128,611,1.84615384615,0.00601770758442,2009-03-19 23:44:21,2015-01-26 19:24:19
Xqbot,1082,479,2.25887265136,0.00424174786431,2009-01-22 07:24:35,2014-08-25 21:24:21
SieBot,1073,484,2.21694214876,0.00380101420483,2007-04-06 04:29:11,2011-01-22 01:04:23
Helpful Pixie Bot,1051,772,1.36139896373,0.00597259975021,2011-07-12 17:19:23,2012-05-14 20:28:07
RussBot,1050,556,1.88848920863,0.00710424095583,2005-05-31 19:22:58,2015-03-05 08:23:02
JAnDbot,905,417,2.17026378897,0.00393797420773,2006-08-22 10:18:34,2012-12-14 16:09:34
Citation bot,878,373,2.35388739946,0.00364439827651,2008-09-28 00:12:15,2015-03-25 23:39:30
Thijs!bot,815,534,1.52621722846,0.00614714754276,2006-05-09 18:01:07,2012-04-05 16:18:51
VolkovBot,731,431,1.69605568445,0.0043071740918,2007-01-13 19:12:28,2013-02-06 08:42:43
Monkbot,711,406,1.75123152709,0.00639265797448,2014-01-13 15:59:38,2015-02-18 23:22:26
TXiKiBoT,682,385,1.77142857143,0.00394562109304,2007-02-28 17:03:32,2012-12-20 05:49:34
BG19bot,676,446,1.51569506726,0.00554198592618,2012-09-17 23:28:49,2015-03-30 09:18:28
XLinkBot,640,324,1.97530864198,0.00345355002733,2008-01-22 23:17:26,2015-02-25 13:53:53
Robbot,606,341,1.77712609971,0.00242560466916,2003-10-09 21:43:30,2013-01-03 04:27:22
FlaBot,582,400,1.455,0.00575226262235,2005-04-29 23:11:15,2009-08-16 02:11:37
Botteville,548,16,34.25,0.0249759815128,2006-02-27 03:35:47,2015-04-01 01:07:34
Lightbot,543,515,1.05436893204,0.00831011602698,2008-06-06 13:50:48,2011-08-19 16:55:10
CmdrObot,537,406,1.32266009852,0.00500337933625,2006-03-18 00:47:54,2014-06-17 21:52:35
Citation bot 1,508,276,1.84057971014,0.0046408169996,2009-05-19 20:32:51,2014-10-26 01:13:56
Chobot,480,290,1.65517241379,0.00244476842008,2005-05-27 00:20:37,2013-01-27 18:32:09
ZéroBot,478,386,1.23834196891,0.00785545989661,2010-06-12 11:56:04,2013-02-14 15:19:33
VIAFbot,469,467,1.00428265525,0.0169484849072,2012-10-05 23:40:24,2012-11-22 20:54:55
DumZiBoT,448,315,1.42222222222,0.00410442864499,2008-01-11 10:16:50,2009-06-01 23:30:59
BattyBot,408,300,1.36,0.00516053061728,2012-01-09 00:24:37,2015-03-15 16:42:26
DumbBOT,363,167,2.17365269461,0.00223502995803,2007-03-05 09:11:52,2015-04-02 01:18:29
Bluebot,351,309,1.1359223301,0.00721672523983,2005-10-29 03:00:29,2006-11-09 16:38:06
GrouchoBot,320,251,1.27490039841,0.00320254278728,2008-12-05 19:20:12,2013-02-10 19:37:42
WikitanvirBot,319,248,1.28629032258,0.00376976584706,2010-10-20 14:32:22,2012-05-04 21:32:47
Escarbot,319,175,1.82285714286,0.00298620647999,2006-08-18 11:12:56,2013-01-25 04:28:47
SashatoBot,309,217,1.42396313364,0.00262364707434,2006-01-05 11:02:50,2010-01-16 19:29:05
Legobot,274,240,1.14166666667,0.00189628263994,2008-12-22 01:15:44,2014-10-15 17:03:50
Idioma-bot,265,201,1.3184079602,0.00138523013931,2006-12-14 18:42:19,2012-10-26 17:56:41
RibotBOT,232,181,1.2817679558,0.00222171204832,2009-01-18 12:05:26,2013-01-03 18:11:31
ArthurBot,229,184,1.24456521739,0.00245498942806,2008-11-28 10:39:58,2011-12-23 15:19:19
AlleborgoBot,221,172,1.28488372093,0.00335385681656,2007-03-30 15:37:03,2008-10-04 09:29:58
Tawkerbot4,221,106,2.08490566038,0.0012875119469,2006-06-23 05:29:17,2006-10-19 23:11:51
DOI bot,210,121,1.73553719008,0.00374811080811,2008-03-17 14:20:49,2008-10-03 04:13:56
Alexbot,206,187,1.10160427807,0.00465927329265,2008-01-31 22:56:09,2011-08-28 18:21:44
TobeBot,205,155,1.32258064516,0.0024951641301,2009-08-17 15:43:27,2010-09-11 18:42:03
ChuispastonBot,195,161,1.21118012422,0.00337666917101,2010-10-30 21:04:31,2012-04-25 11:53:19
Lowercase sigmabot,193,103,1.87378640777,0.00322774363137,2011-12-29 09:03:48,2014-11-03 04:48:04
RedBot,183,151,1.2119205298,0.00313776189661,2009-06-21 14:31:12,2012-08-15 06:36:54
Dexbot,173,129,1.34108527132,0.00158664363045,2012-05-11 23:35:17,2015-01-02 15:35:48
Guanabot,168,133,1.26315789474,0.0021751802708,2004-07-09 00:20:14,2005-11-10 04:11:57
Numbo3-bot,167,119,1.40336134454,0.00147906070536,2008-05-24 22:29:19,2009-11-28 22:05:50
Zorrobot,167,145,1.15172413793,0.00474590587925,2008-06-07 06:47:00,2013-01-07 14:50:34
H3llBot,156,122,1.27868852459,0.00397992034027,2010-09-10 11:41:29,2012-04-05 07:59:52
Synthebot,155,92,1.6847826087,0.0026671239425,2007-04-26 18:34:59,2013-01-12 07:07:42
Full-date unlinking bot,154,154,1.0,0.0114889818129,2009-11-09 04:17:57,2009-12-28 15:51:55
DASHBot,142,111,1.27927927928,0.00146973221399,2010-06-13 20:26:21,2012-10-01 01:09:57
MalafayaBot,141,117,1.20512820513,0.00193068546187,2006-10-04 21:18:43,2010-04-11 22:29:45
DASHBotAV,140,103,1.35922330097,0.0018971638133,2010-09-20 05:21:31,2010-10-21 18:50:48
DHN-bot,140,90,1.55555555556,0.00166938006264,2005-12-27 11:43:33,2009-11-25 10:38:05
LinkFA-Bot,140,86,1.62790697674,0.000998331341097,2008-05-06 14:32:46,2010-07-28 21:42:08
LaaknorBot,132,121,1.09090909091,0.00502338977039,2008-07-24 16:50:31,2013-01-15 11:56:42
ImageRemovalBot,130,101,1.28712871287,0.00598488975886,2007-08-04 04:51:12,2014-12-14 17:12:00
DragonBot,129,108,1.19444444444,0.00197576171478,2007-10-05 19:55:13,2013-01-13 07:35:51
GrinBot,126,88,1.43181818182,0.00168717868139,2005-09-01 12:31:04,2006-09-24 07:06:00
FoxBot,122,95,1.28421052632,0.00181090982758,2009-09-04 08:30:45,2012-02-04 13:52:08
Ptbotgourou,122,109,1.11926605505,0.00714576388916,2008-08-01 09:22:24,2013-02-08 21:16:57
Eskimbot,121,112,1.08035714286,0.00337514354275,2005-10-11 02:27:01,2006-07-19 11:01:09
SoxBot III,120,91,1.31868131868,0.00190887999177,2008-02-28 22:56:51,2009-09-03 00:16:03
OrphanBot,116,79,1.46835443038,0.0042945253211,2005-12-18 23:35:52,2009-04-25 05:43:41
AntiSpamBot,115,83,1.38554216867,0.00108755968996,2006-11-17 02:20:01,2007-11-13 22:28:14
LucienBOT,110,98,1.12244897959,0.00397519609442,2009-03-22 12:51:46,2011-07-02 21:06:08
TjBot,107,94,1.13829787234,0.00219360507061,2010-06-13 22:43:00,2013-02-11 20:49:31
Bota47,107,92,1.16304347826,0.00231269692016,2005-07-19 19:24:09,2007-07-11 19:54:24
SilvonenBot,105,96,1.09375,0.00199953768684,2008-03-12 18:22:57,2012-10-19 05:02:35
CounterVandalismBot,102,84,1.21428571429,0.000951134151733,2007-09-28 00:06:21,2007-11-10 02:20:38
DrilBot,101,89,1.13483146067,0.00747295756751,2009-05-12 02:47:59,2009-10-23 20:15:48
OKBot,101,84,1.20238095238,0.00260486226335,2007-07-03 03:49:24,2014-04-01 01:36:59
MerlIwBot,100,86,1.16279069767,0.0025019073314,2011-04-08 20:40:43,2013-02-24 12:19:37
AlnoktaBOT,99,83,1.19277108434,0.00185367941004,2006-12-28 17:58:25,2008-09-19 01:08:40
Robotman1974,96,15,6.4,0.00253598148147,2006-12-12 19:33:18,2007-03-30 21:21:58
Alphachimpbot,95,66,1.43939393939,0.00224698703235,2006-06-23 17:13:01,2007-05-30 14:43:29
Snotbot,93,89,1.04494382022,0.00300504967816,2011-04-21 21:06:43,2013-05-13 19:49:27
RobotE,91,81,1.12345679012,0.00263524445568,2005-05-21 07:09:48,2005-11-06 21:56:16
Kbdankbot,90,80,1.125,0.0146308881575,2008-03-11 19:11:49,2009-06-01 16:24:20
TaBOT-zerem,89,84,1.05952380952,0.0023446669042,2008-08-07 20:26:28,2010-11-01 14:09:13
Alaibot,89,87,1.02298850575,0.0180859475828,2006-08-07 19:07:17,2008-09-29 09:37:24
JYBot,87,78,1.11538461538,0.00188110329885,2012-07-21 02:04:34,2013-02-12 01:49:30
SporkBot,86,75,1.14666666667,0.00538518412818,2010-08-16 22:14:14,2015-03-21 01:11:58
MystBot,86,85,1.01176470588,0.0077289104987,2008-07-28 17:53:40,2012-01-21 11:05:23
PipepBot,84,62,1.35483870968,0.00404082385044,2007-07-31 11:14:43,2008-06-06 16:15:19
Cyberbot II,84,21,4.0,0.00748858546247,2013-03-26 22:03:14,2014-09-19 09:33:01
Roboto de Ajvol,83,79,1.05063291139,0.00298080371434,2007-03-15 03:37:30,2007-10-07 12:33:12
STBotD,82,79,1.03797468354,0.00588556827796,2006-11-19 12:59:40,2007-07-26 16:57:24
D'ohBot,82,80,1.025,0.00290761476461,2009-06-03 13:37:13,2010-09-07 15:38:19
Margosbot,81,81,1.0,0.0033489379211,2005-04-23 20:49:52,2005-05-03 12:32:55
PixelBot,81,78,1.03846153846,0.0050387682065,2007-11-02 12:05:31,2012-10-07 01:30:58
EmxBot,80,59,1.35593220339,0.00132822589469,2007-03-26 19:58:08,2007-07-02 03:15:11
JackieBot,80,78,1.02564102564,0.00460303109662,2011-01-05 20:15:44,2013-02-12 09:55:03
KamikazeBot,80,72,1.11111111111,0.00229815493096,2010-06-13 17:52:45,2013-01-26 00:40:58
Erik9bot,79,70,1.12857142857,0.0256763009297,2009-03-07 20:39:27,2009-09-19 17:05:04
CarsracBot,78,66,1.18181818182,0.00218038270767,2008-06-03 16:50:14,2013-05-22 07:46:36
MTSbot,76,63,1.20634920635,0.00186339051146,2006-02-08 02:34:08,2006-11-04 21:37:41
HRoestBot,76,69,1.10144927536,0.00285408278781,2010-04-27 19:39:52,2013-02-14 06:49:40
Dinamik-bot,75,70,1.07142857143,0.00368601423367,2009-11-09 05:07:02,2012-12-19 21:33:10
Rubinbot,75,72,1.04166666667,0.00307256873708,2009-01-24 14:48:29,2013-02-14 23:16:21
CitationCleanerBot,74,72,1.02777777778,0.0032622468736,2011-09-07 05:29:29,2011-09-19 13:30:37
MastiBot,72,66,1.09090909091,0.00364452985233,2009-06-17 05:43:50,2013-02-10 13:07:40
RobotG,72,61,1.18032786885,0.00688303192557,2006-06-28 08:51:51,2007-03-20 11:38:02
.anacondabot,71,67,1.05970149254,0.0033139775226,2006-08-09 03:38:39,2007-03-04 17:24:20
Amirobot,70,65,1.07692307692,0.00436958930666,2008-07-14 01:24:54,2011-11-18 12:42:03
Curpsbot-unicodify,69,67,1.02985074627,0.0047226154032,2005-09-02 16:03:22,2005-12-12 06:14:10
BOTijo,69,69,1.0,0.0149759039186,2007-10-07 18:18:50,2008-08-15 05:55:46
Rei-bot,68,68,1.0,0.00357890970192,2007-02-04 02:56:01,2008-10-22 22:20:27
Obersachsebot,68,63,1.07936507937,0.00255649124403,2008-12-20 18:58:56,2012-06-14 16:53:07
JoeBot,67,62,1.08064516129,0.00179968288963,2006-03-07 14:48:30,2006-07-24 16:38:29
BotMultichill,67,63,1.06349206349,0.00227651008676,2007-04-28 01:39:36,2010-05-23 13:58:26
Anchor Link Bot,65,56,1.16071428571,0.00198545938529,2007-06-25 18:27:51,2007-07-10 21:12:35
Gerakibot,64,60,1.06666666667,0.00113145004867,2007-05-26 09:36:00,2013-02-13 16:29:09
Maelgwnbot,64,50,1.28,0.00258562036872,2007-06-11 04:58:11,2008-08-17 13:06:13
Hmainsbot1,63,60,1.05,0.00739564015031,2012-07-22 21:00:59,2015-01-19 19:48:19
Legobot II,63,54,1.16666666667,0.00389380503506,2009-01-07 07:31:53,2012-02-10 12:02:00
Broadbot,62,62,1.0,0.00340871612023,2007-06-13 18:00:52,2010-10-01 11:04:11
SassoBot,62,57,1.08771929825,0.00309182968479,2009-01-05 05:55:23,2013-01-09 14:49:35
PDFbot,61,34,1.79411764706,0.00125470574847,2007-03-07 03:50:41,2011-01-31 21:50:45
Chlewbot,60,53,1.1320754717,0.00140103665446,2005-11-30 21:56:16,2006-12-30 05:25:01
AvocatoBot,59,56,1.05357142857,0.0025647052515,2011-10-22 06:14:49,2012-06-29 13:03:02
BOT-Superzerocool,57,49,1.16326530612,0.00342262486959,2006-04-11 03:22:44,2012-05-12 17:40:25
Thehelpfulbot,57,52,1.09615384615,0.0055673578817,2009-02-10 18:45:40,2012-11-12 09:30:08
Zwobot,55,50,1.1,0.0029667708778,2005-07-14 19:50:44,2008-02-11 23:56:22
BOTarate,55,52,1.05769230769,0.00408388633596,2007-12-15 12:09:16,2012-01-23 13:59:59
Vina-iwbot,55,53,1.03773584906,0.00263351893913,2006-01-04 05:58:45,2008-04-27 23:50:52
Commander Keane bot,55,48,1.14583333333,0.00360488593174,2005-10-16 09:04:57,2007-05-25 18:55:52
SpBot,54,53,1.01886792453,0.0063991876268,2008-05-09 19:27:25,2010-01-06 22:48:36
Jotterbot,53,36,1.47222222222,0.000869202058803,2007-11-12 06:52:27,2013-01-18 18:27:34
Lt-wiki-bot,53,41,1.29268292683,0.00114985109768,2005-08-08 10:55:16,2006-01-01 12:02:04
WeggeBot,53,52,1.01923076923,0.00171396416762,2006-05-30 22:38:10,2009-11-10 18:34:24
SundarBot,52,44,1.18181818182,0.00115955007484,2005-12-20 12:49:05,2009-02-05 10:48:11
28bot,51,44,1.15909090909,0.00274231197723,2011-09-01 09:49:02,2013-07-24 08:56:36
AvicBot,51,50,1.02,0.00390214310785,2011-07-15 23:23:30,2013-06-24 01:28:26
GhalyBot,50,40,1.25,0.000665674606095,2009-01-19 21:55:04,2013-01-15 11:30:03
Bothtotally,50,1,50.0,0.0176616036736,2008-04-17 00:59:00,2008-04-17 01:20:47
AndersBot,50,49,1.02040816327,0.00228276673647,2008-05-05 14:01:41,2010-02-24 22:11:59
STBot,49,48,1.02083333333,0.00371989749323,2006-10-09 22:07:30,2007-03-03 20:31:53
LordAnubisBOT,49,43,1.13953488372,0.00525203176154,2006-12-27 02:02:20,2008-05-09 15:49:20
JhsBot,48,44,1.09090909091,0.00206019171364,2007-02-04 07:04:54,2010-06-18 00:42:47
Wikibot,47,45,1.04444444444,0.00135218029152,2003-12-07 04:45:13,2003-12-10 00:02:06
Snowbot,47,47,1.0,0.00426798368817,2007-02-25 20:39:42,2007-03-23 13:50:32
Cerabot,47,43,1.09302325581,0.00261779527437,2012-06-21 03:54:47,2015-01-04 01:09:49
DSisyphBot,46,46,1.0,0.00383647611676,2009-04-30 14:52:52,2012-04-27 19:57:48
Ripchip Bot,46,45,1.02222222222,0.00188787834407,2010-08-21 00:05:37,2012-02-17 15:00:25
YonaBot,45,37,1.21621621622,0.00205845075823,2007-04-09 01:32:30,2007-06-08 04:05:17
Makecat-bot,45,44,1.02272727273,0.00604704711564,2012-07-24 06:38:41,2013-02-11 00:40:28
YFdyh-bot,44,44,1.0,0.0043718540114,2012-06-25 16:33:48,2013-02-13 17:45:20
Phe-bot,43,37,1.16216216216,0.0311406242248,2008-01-06 08:39:17,2008-02-16 17:44:57
Snobot,43,28,1.53571428571,0.00247842464268,2004-01-12 18:40:35,2004-01-15 20:52:29
NjardarBot,43,41,1.0487804878,0.00255156739016,2008-04-16 13:06:28,2012-09-02 19:44:48
Vagobot,42,40,1.05,0.00216311516906,2011-10-04 07:08:20,2012-09-04 14:07:54
BotKung,41,40,1.025,0.0014392004676,2007-03-23 13:55:52,2013-01-14 21:20:33
JL-Bot,40,38,1.05263157895,0.00861733582608,2007-07-06 20:56:19,2014-12-07 03:55:06
Rezabot,40,39,1.02564102564,0.00332460104427,2011-10-04 14:45:43,2013-02-08 12:28:50
CohesionBot,40,39,1.02564102564,0.00552791715223,2007-10-07 17:21:22,2009-05-04 03:29:14
MauritsBot,39,33,1.18181818182,0.00318527894343,2009-05-09 05:20:13,2010-02-03 09:57:44
BetacommandBot,39,34,1.14705882353,0.00666633161541,2006-05-28 06:24:49,2008-03-06 15:45:42
KocjoBot,39,36,1.08333333333,0.00164356439324,2005-10-06 09:12:52,2010-08-31 01:26:25
JdforresterBot,38,22,1.72727272727,0.0026124703506,2005-04-12 23:18:03,2006-12-26 14:43:22
DorganBot,38,38,1.0,0.00167452772977,2006-11-26 13:12:39,2009-03-06 10:27:58
Filedelinkerbot,38,31,1.22580645161,0.00181453362212,2014-02-23 01:12:51,2015-02-23 01:58:29
Alph Bot,37,37,1.0,0.00261947338572,2009-12-03 15:12:15,2012-02-26 14:23:33
Eubot,37,37,1.0,0.00508043715316,2008-06-10 17:24:28,2008-07-28 23:01:47
ArmbrustBot,36,36,1.0,0.00352937777343,2013-09-05 18:04:57,2015-01-24 09:56:27
CocuBot,34,33,1.0303030303,0.00248314481678,2011-06-03 09:33:24,2012-05-16 14:51:18
YiFeiBot,34,30,1.13333333333,0.00821251246439,2014-10-27 11:27:48,2015-04-01 08:52:48
Bibcode Bot,34,20,1.7,0.00333649717083,2011-04-27 17:26:56,2013-10-27 18:48:15
WinBot,34,34,1.0,0.00413929797637,2006-07-10 13:57:54,2007-12-11 16:11:47
NetBot,34,29,1.1724137931,0.000931344698078,2004-12-28 19:25:59,2006-03-16 06:29:58
A4bot,34,34,1.0,0.00152439741721,2007-01-20 16:10:07,2011-07-08 06:14:04
Gdrbot,33,30,1.1,0.0011448358222,2005-06-04 17:49:34,2008-10-08 12:24:02
Bot-Schafter,33,30,1.1,0.000512230346977,2006-10-29 12:27:02,2007-05-01 13:47:56
Robotforaday,33,14,2.35714285714,0.00388227034938,2006-02-07 00:32:21,2008-02-16 13:07:14
Ligulembot,32,23,1.39130434783,0.00705708125293,2006-01-06 13:27:23,2006-03-12 22:23:21
MetsBot,32,30,1.06666666667,0.0142175385705,2006-08-30 03:29:00,2007-11-09 06:29:34
HasharBot,32,31,1.03225806452,0.00101391484277,2004-11-10 03:53:11,2006-06-03 19:53:02
Estirabot,31,31,1.0,0.00206807283686,2007-10-25 22:15:48,2010-01-11 20:28:00
ProtectionTaggingBot,31,31,1.0,0.000780006793299,2008-12-13 01:41:48,2008-12-23 05:38:47
Kyle the bot,30,30,1.0,0.00765187547369,2006-12-28 17:11:36,2008-07-08 10:39:21
Almabot,30,28,1.07142857143,0.000731277912217,2009-01-18 01:01:37,2010-05-21 18:06:18
NTBot,30,30,1.0,0.0028174789786,2005-10-04 16:14:45,2005-10-07 07:02:25
Yonidebot,29,29,1.0,0.00198949946371,2008-09-28 17:01:11,2009-04-22 05:59:00
^demonBot2,29,27,1.07407407407,0.00166663273479,2007-02-13 19:09:30,2007-10-01 15:45:47
SEWilcoBot,29,18,1.61111111111,0.00113892062083,2005-08-13 08:37:34,2005-12-03 05:26:46
Robotam,29,3,9.66666666667,0.00272229188204,2007-03-06 15:41:21,2012-02-23 21:03:02
AkhtaBot,29,28,1.03571428571,0.00380036414925,2008-03-31 00:57:07,2009-08-13 12:30:47
BenoniBot,28,22,1.27272727273,0.000798958492118,2007-06-03 10:42:37,2008-01-10 22:09:21
Nallimbot,28,28,1.0,0.00130562652841,2008-11-09 12:07:16,2010-04-12 03:35:50
Muro Bot,28,28,1.0,0.00424404846635,2008-01-20 16:28:55,2010-04-22 13:38:08
SD5bot,27,27,1.0,0.007453478593,2012-04-02 02:31:59,2012-04-02 20:53:45
Drinibot,27,24,1.125,0.00494839793811,2006-08-06 19:48:46,2007-05-25 04:33:03
BenzolBot,26,26,1.0,0.00455364086146,2009-05-08 14:17:35,2011-03-29 18:28:55
SamatBot,26,26,1.0,0.00221060367711,2008-05-12 08:06:21,2011-01-26 20:07:57
Justincheng12345-bot,25,24,1.04166666667,0.0013813128879,2012-05-10 11:45:29,2013-01-03 04:38:40
Pusher robot,25,1,25.0,0.00563824988724,2007-01-17 20:14:58,2007-06-30 18:59:50
LemmeyBOT,24,20,1.2,0.000623840855262,2008-05-09 20:40:01,2008-05-31 22:11:40
Whobot,24,24,1.0,0.00420532344002,2005-08-25 15:05:54,2005-11-10 00:34:55
Diderobot,24,24,1.0,0.00503434065614,2005-05-06 16:37:59,2005-05-06 17:06:38
BetBot,23,22,1.04545454545,0.000651289020123,2006-10-05 15:05:05,2008-05-30 19:38:35
TinucherianBot II,23,23,1.0,0.00152058337223,2008-10-23 15:41:46,2009-11-21 17:25:04
Movses-bot,23,21,1.09523809524,0.00109030537522,2011-03-21 06:46:33,2012-03-17 10:32:05
MelonBot,23,23,1.0,0.00110086649554,2009-02-03 00:01:22,2009-04-03 21:42:29
Polbot,22,22,1.0,0.00543569058608,2008-07-10 20:51:22,2008-08-14 17:07:00
BodhisattvaBot,22,21,1.04761904762,0.00159873062766,2008-03-20 14:51:30,2011-08-24 08:41:22
Grammarbot,22,22,1.0,0.00270098452465,2005-03-04 06:05:05,2005-03-07 12:12:06
TuHan-Bot,22,22,1.0,0.00435984053796,2010-04-15 06:12:39,2012-09-08 05:37:49
DixonDBot,22,20,1.1,0.00176987665111,2010-01-29 22:46:02,2012-10-24 04:54:36
Bot-maru,22,22,1.0,0.00176443941483,2006-05-10 06:56:27,2006-05-18 06:35:54
EdoBot,22,21,1.04761904762,0.00438017462568,2010-09-13 01:50:41,2011-11-01 08:55:23
KaiserbBot,22,22,1.0,0.00176666602123,2005-12-01 04:48:01,2006-12-29 00:33:09
ChenzwBot,21,20,1.05,0.00115628906787,2008-10-22 02:04:23,2009-09-27 17:29:54
Mjbmrbot,21,21,1.0,0.00259690596309,2010-11-12 15:19:12,2011-03-23 21:47:33
Mr.Z-bot,21,20,1.05,0.0239556937409,2009-02-03 02:19:49,2015-01-18 04:02:28
Three Laws of Robotics,21,2,10.5,0.00608602992202,2006-06-10 23:44:51,2007-04-17 04:32:00
Tsca.bot,21,21,1.0,0.00259553480988,2006-02-05 15:33:04,2007-02-15 03:01:02
TechBot,20,18,1.11111111111,0.00309516090558,2008-11-10 11:19:08,2009-04-05 06:53:51
Weebot,20,7,2.85714285714,0.00647463485384,2005-05-03 07:18:24,2006-11-13 19:23:40
Robotje,20,20,1.0,0.00183723777898,2004-10-15 16:00:54,2014-08-04 15:43:03
DefaultsortBot,20,20,1.0,0.0179515872735,2009-05-25 03:43:29,2009-06-19 06:36:25
RotlinkBot,19,14,1.35714285714,0.00788954271538,2013-08-07 05:35:51,2013-08-18 18:53:39
タチコマ robot,19,18,1.05555555556,0.00110225719527,2007-07-09 18:18:29,2012-10-21 09:35:21
ToePeu.bot,18,17,1.05882352941,0.00126885575214,2007-04-25 03:30:43,2010-08-11 14:46:56
HiW-Bot,18,18,1.0,0.0012647090659,2011-09-04 10:12:33,2012-07-29 06:22:40
Hxhbot,18,18,1.0,0.00228780437572,2007-06-15 15:43:39,2007-10-18 08:01:39
Minsbot,17,17,1.0,0.00232584416518,2011-12-05 09:07:06,2012-11-25 01:21:19
MerlLinkBot,17,14,1.21428571429,0.0017828251247,2009-05-21 23:11:18,2014-04-06 02:11:58
GargoyleBot,17,17,1.0,0.00601939052526,2009-01-31 17:52:53,2010-06-06 14:34:49
AstaBOTh15,17,16,1.0625,0.00291499110404,2010-03-21 07:25:51,2011-01-29 01:52:59
VVVBot,17,17,1.0,0.0043898568721,2007-04-18 06:37:31,2008-08-05 22:32:38
MondalorBot,16,16,1.0,0.00202703772047,2009-10-22 13:46:37,2010-09-13 12:56:09
HerculeBot,16,15,1.06666666667,0.00143954494849,2009-09-16 20:29:29,2012-07-10 06:00:45
RebelRobot,16,16,1.0,0.00347169908651,2006-07-19 19:38:18,2011-03-08 10:00:26
Louperibot,15,15,1.0,0.00357355575022,2009-07-23 16:20:48,2012-11-01 10:22:42
RussAbbott,15,2,7.5,0.0107694019626,2006-06-17 20:36:39,2008-07-25 05:14:12
Sz-iwbot,15,15,1.0,0.00272674801117,2008-09-05 03:24:08,2010-02-10 15:48:52
Skumarlabot,15,14,1.07142857143,0.00228624353434,2006-11-03 06:52:50,2008-02-05 04:14:04
Syrcatbot,15,13,1.15384615385,0.00511682470502,2006-02-07 12:57:07,2006-04-28 18:50:46
SelketBot,14,14,1.0,0.00595634338467,2007-07-04 16:59:02,2011-06-22 16:02:39
Ebrambot,14,13,1.07692307692,0.00114575415822,2010-10-03 10:37:55,2011-01-08 16:28:42
Fuelbottle,14,9,1.55555555556,0.00157056382701,2004-03-22 15:45:34,2004-09-26 02:40:46
WildBot,14,13,1.07692307692,0.0013940182571,2010-01-12 07:13:06,2010-05-29 02:40:58
CountryBot,14,14,1.0,0.000695127670664,2011-03-23 19:57:56,2011-03-25 00:17:19
Darkicebot,14,12,1.16666666667,0.00105495744848,2008-02-16 01:17:14,2009-09-21 08:07:44
SpellingBot,14,14,1.0,0.00240860795496,2008-06-11 17:42:30,2008-08-22 19:38:56
FairuseBot,13,9,1.44444444444,0.00076185078227,2006-04-10 03:05:36,2009-02-24 06:21:24
Kasirbot,13,13,1.0,0.00441421887845,2011-10-24 11:48:25,2012-12-14 02:28:11
Tanhabot,13,13,1.0,0.00247416241633,2009-08-01 09:06:18,2010-12-13 15:21:00
KP Botany,13,8,1.625,0.00312133618718,2006-12-05 00:37:35,2009-04-11 06:51:54
DarafshBot,13,13,1.0,0.00137879120526,2012-11-30 00:57:56,2013-02-15 10:06:35
GimmeBot,13,13,1.0,0.000713302090124,2007-02-07 22:25:03,2012-01-24 02:33:28
Robotbeat,12,3,4.0,0.00126802722401,2005-10-25 22:40:58,2006-01-25 21:41:25
WebCiteBOT,12,12,1.0,0.000709911700254,2009-10-25 19:47:33,2009-11-23 05:16:11
Reedy Bot,12,12,1.0,0.0054823384992,2011-12-14 15:58:45,2012-01-05 03:00:03
Locobot,12,11,1.09090909091,0.00849535121033,2009-04-20 19:06:34,2009-09-20 12:57:36
AVBOT,12,6,2.0,0.00106621481418,2010-04-04 22:45:37,2010-04-05 04:25:03
Soulbot,12,12,1.0,0.00200796282056,2006-09-02 11:23:36,2009-11-09 20:30:55
ElphiBot,12,12,1.0,0.00102325630517,2012-11-03 10:10:44,2012-12-10 08:48:41
Legobot III,12,11,1.09090909091,0.000343212425443,2009-05-18 00:00:47,2009-10-16 00:04:54
AMbot,12,12,1.0,0.00186334628566,2007-06-07 02:36:53,2007-12-17 04:44:10
Ugur Basak Bot,11,11,1.0,0.00115785361679,2006-01-04 19:16:35,2006-08-19 23:49:43
Mathbot,11,9,1.22222222222,0.00155808840985,2005-04-15 02:12:25,2005-11-19 22:24:22
NongBot,11,11,1.0,0.000743415511308,2006-02-22 22:52:07,2007-01-05 18:09:05
DPL bot,11,7,1.57142857143,0.00244996019756,2011-10-27 04:35:13,2014-10-26 09:02:18
Snaevar-bot,10,10,1.0,0.00128027482365,2011-07-01 23:27:39,2011-08-18 21:06:55
Sahimrobot,10,8,1.25,0.00122400434703,2011-05-24 21:51:27,2012-08-20 01:43:40
WouterBot,10,9,1.11111111111,0.00166117286162,2005-05-05 19:13:46,2005-05-15 15:33:10
NinjaRobotPirate,10,6,1.66666666667,0.0018294419539,2013-10-14 01:55:29,2015-03-09 09:05:08
MSBOT,10,8,1.25,0.00103706836858,2006-09-03 09:48:35,2012-06-10 19:42:32
RobotJcb,9,9,1.0,0.000723642218131,2005-12-07 23:26:02,2008-04-30 23:05:54
Bottesini,9,8,1.125,0.000324416139795,2006-05-12 19:39:04,2006-12-10 20:29:38
PbBot,9,9,1.0,0.0054066950289,2008-01-20 01:13:16,2008-01-28 04:14:27
Mentibot,9,8,1.125,0.0100860222591,2010-08-11 22:27:47,2013-01-30 22:57:41
MadmanBot,9,9,1.0,0.000478573545377,2007-08-03 19:53:55,2009-08-07 04:45:41
Pathosbot,9,9,1.0,0.00173024175474,2006-10-05 22:25:13,2006-10-06 01:01:35
Mulder416sBot,9,9,1.0,0.000939540592797,2006-04-02 08:09:19,2006-10-16 00:32:18
Tawkerbot,9,6,1.5,0.000950823705124,2006-04-02 02:19:39,2006-10-01 22:16:40
El bot de la dieta,9,9,1.0,0.00241248887907,2007-12-22 23:18:42,2008-04-01 18:08:15
XZeroBot,9,9,1.0,0.00163992914161,2008-12-27 11:40:13,2011-01-26 16:25:25
Rameshngbot,9,8,1.125,0.000762313238536,2009-06-06 12:26:27,2009-08-23 05:21:47
Ken123BOT,9,9,1.0,0.00190064514221,2007-07-06 14:48:12,2007-09-23 17:50:12
Sodabottle,9,9,1.0,0.00103409004736,2010-12-03 05:43:39,2013-01-06 17:06:57
ArticlesForCreationBot,9,4,2.25,0.0370585099294,2011-11-15 20:17:49,2013-05-01 02:08:50
Theo's Little Bot,9,6,1.5,0.00348355172287,2013-05-13 00:01:58,2013-06-03 00:04:04
M7bot,9,9,1.0,0.000698219177562,2005-08-12 22:51:40,2005-08-16 15:25:05
ElMeBot,8,8,1.0,0.000650553087204,2008-03-07 11:26:17,2009-06-13 23:02:51
JabbaTheBot,8,8,1.0,0.00116346426484,2007-05-20 10:38:39,2007-06-13 07:57:34
FiriBot,8,8,1.0,0.00136454197616,2008-05-02 18:20:48,2008-06-18 19:34:05
CrimsonBot,8,8,1.0,0.00487461575354,2010-05-06 06:19:25,2013-01-12 10:29:49
G-Bot,8,8,1.0,0.0025403659442,2006-01-06 18:23:19,2006-01-16 07:02:18
BepBot,8,8,1.0,0.00203809379815,2008-05-02 10:34:26,2010-10-31 22:45:43
KLBot2,8,8,1.0,0.0196864746967,2012-07-05 00:17:33,2013-04-23 14:55:01
LatitudeBot,8,8,1.0,0.00433074757438,2008-04-01 13:41:12,2009-06-14 10:56:15
Ginbot86,8,5,1.6,0.00084141355901,2008-08-25 04:38:15,2010-11-29 23:27:37
GnawnBot,8,8,1.0,0.0025662899512,2008-10-25 03:41:01,2009-04-19 15:55:59
SpellBott,7,7,1.0,0.00125189127956,2004-01-01 10:52:07,2004-01-21 08:41:00
The Anomebot2,7,3,2.33333333333,0.0146007808527,2008-12-03 16:13:15,2014-10-25 23:25:35
Botev,7,7,1.0,0.00250432290239,2008-04-26 23:28:45,2009-10-12 08:56:35
Fluxbot,7,7,1.0,0.00941788134441,2006-07-07 04:52:51,2014-12-31 02:39:29
RscprinterBot,7,7,1.0,0.00403811832781,2011-11-26 10:21:01,2015-03-14 12:01:38
WikiDreamer Bot,7,7,1.0,0.00273982915629,2008-07-16 17:05:01,2008-08-06 07:20:41
WarddrBOT,7,7,1.0,0.0145257338424,2007-05-27 11:24:00,2012-04-12 01:51:04
Xenobot,7,7,1.0,0.00120473670347,2009-01-24 01:35:59,2009-01-24 02:34:54
MenoBot,7,7,1.0,0.00222461210512,2008-10-03 15:23:04,2014-08-01 09:10:31
Huzzlet the bot,7,6,1.16666666667,0.000645688975377,2006-12-10 01:41:40,2010-03-31 23:36:47
Lucasbfrbot,7,6,1.16666666667,0.00190070575963,2009-01-31 13:51:04,2010-02-25 07:24:53
Water Bottle,7,5,1.4,0.000736283121972,2005-06-23 18:54:10,2005-12-21 21:13:22
CeraBot,7,7,1.0,0.00195222969342,2012-04-18 16:05:42,2012-06-21 16:33:44
CobraBot,7,6,1.16666666667,0.00871871873413,2009-09-24 18:08:24,2010-01-13 09:56:57
ZhBot,6,6,1.0,0.00239392234883,2009-10-28 23:36:46,2009-11-08 01:06:15
ChandlerMapBot,6,6,1.0,0.00272148568306,2007-10-25 11:20:19,2008-04-04 15:11:01
Juliantalbot,6,1,6.0,0.00598205383848,2011-11-26 19:31:20,2011-11-30 22:32:50
Adlerbot,6,6,1.0,0.00172017403657,2009-07-06 16:51:50,2010-04-16 07:43:33
GZ-Bot,6,6,1.0,0.00119760216212,2011-07-07 08:17:29,2012-04-03 19:02:37
Sagabot,6,5,1.2,0.00197828194599,2006-09-26 17:40:53,2007-02-26 17:19:18
CorenSearchBot,6,6,1.0,0.0280442838795,2007-12-04 00:59:46,2011-06-09 21:50:29
BenjBot,6,6,1.0,0.00141922234803,2004-09-19 20:23:39,2007-01-03 23:47:26
Gnome (Bot),6,6,1.0,0.0117674258235,2006-09-19 06:00:44,2006-09-30 03:07:39
Farbotron,6,2,3.0,0.000981626252881,2006-07-24 20:32:34,2008-12-17 06:44:56
McM.bot,6,6,1.0,0.0088426196233,2007-04-01 21:14:12,2008-05-15 12:02:38
718 Bot,6,4,1.5,0.00081949391372,2008-07-21 16:08:48,2009-07-02 14:01:24
MrVanBot,6,5,1.2,0.00324761428487,2008-04-22 11:31:28,2009-09-01 23:07:05
Zxabot,6,6,1.0,0.0113112611783,2008-09-30 00:51:31,2008-11-08 16:49:53
Obotlig,6,4,1.5,0.000609880441723,2012-06-02 21:15:44,2014-12-15 18:15:04
GurchBot,6,6,1.0,0.000861158297218,2006-07-19 18:46:26,2006-10-24 11:28:58
Razibot,6,6,1.0,0.00125324602659,2012-10-09 23:52:07,2013-02-11 20:46:00
AmeliorationBot,6,6,1.0,0.00737710511952,2008-07-24 13:33:06,2008-08-31 05:43:37
Bothell130,6,2,3.0,0.000745782271542,2006-12-17 04:06:12,2006-12-18 19:48:25
R-Bot6,5,1,5.0,0.00116306117702,2012-05-23 03:57:26,2012-05-23 19:29:43
PNG crusade bot,5,5,1.0,0.000922673177192,2007-03-06 04:33:09,2007-08-21 22:26:00
BendelacBOT,5,4,1.25,0.00356863035611,2011-08-29 06:48:33,2012-05-29 13:36:49
Ginosbot,5,5,1.0,0.00242770061149,2008-05-08 18:50:51,2008-10-11 21:01:44
Android Mouse Bot 3,5,5,1.0,0.00097970253916,2007-05-25 03:46:31,2007-05-25 19:15:56
WuBot,5,5,1.0,0.00699615429545,2008-06-14 23:59:28,2008-06-19 17:21:26
Harej bot,5,5,1.0,0.00152924377238,2006-04-07 22:43:19,2009-09-02 19:44:55
Metalrobot,5,3,1.66666666667,0.000350860908236,2006-06-09 16:12:31,2007-08-25 20:32:13
UgenBot,5,5,1.0,0.000782360493613,2004-05-19 00:13:16,2006-08-05 20:23:31
EjsBot,5,5,1.0,0.00169592040947,2008-03-31 04:25:29,2008-04-26 00:24:59
DisambigBot,5,5,1.0,0.00116591001833,2005-11-04 18:27:25,2006-01-16 21:26:21
PlankBot,5,5,1.0,0.00110298502868,2008-06-15 03:03:52,2008-11-27 13:30:06
Kal-El-Bot,5,5,1.0,0.00137803199197,2008-02-03 18:08:41,2008-10-11 15:48:35
SoxBot,5,4,1.25,0.00732453059741,2009-08-16 11:17:38,2010-12-11 00:44:47
Botwen,5,2,2.5,0.000826271525121,2008-02-11 18:58:10,2008-03-24 13:01:08
Lovingboth,5,1,5.0,0.00111931945377,2006-08-09 15:57:14,2006-10-09 13:01:31
RaptureBot,4,4,1.0,0.000605087059014,2010-06-13 03:58:37,2010-06-14 08:41:55
TestEditBot,4,4,1.0,0.000851142895301,2008-08-04 11:06:38,2008-08-16 04:05:54
Le Pied-bot,4,4,1.0,0.0120117918097,2007-06-17 13:14:02,2007-12-25 03:19:54
Lordkinbote,4,2,2.0,0.00177909380164,2006-05-19 14:40:02,2006-09-15 21:52:20
Brerrobot,4,1,4.0,0.00142399430402,2011-12-17 04:12:14,2011-12-17 04:19:11
COBot,4,4,1.0,0.00404706600106,2007-08-13 17:23:44,2007-08-15 21:17:51
TARBOT,4,4,1.0,0.00132618268057,2006-08-13 05:55:19,2006-12-21 10:53:22
MarshBot,4,4,1.0,0.0200044993843,2006-09-27 14:51:50,2006-11-01 14:56:29
Plasticbot,4,4,1.0,0.00244348197799,2008-08-13 00:42:12,2008-09-03 18:26:33
Saboteur,4,3,1.33333333333,0.000239970880089,2005-09-25 03:58:54,2006-03-23 21:34:24
Janna Isabot,4,4,1.0,0.00051143399745,2004-09-18 16:30:11,2004-09-19 00:31:21
SteenthIWbot,4,4,1.0,0.00317506384925,2012-10-10 06:59:35,2013-01-21 23:19:55
OgreBot,4,3,1.33333333333,0.00181646323089,2011-12-02 21:17:30,2012-12-05 02:56:22
SantoshBot,4,4,1.0,0.000299447727047,2012-12-21 14:51:54,2013-01-16 15:15:45
Bottswood,4,1,4.0,0.00302800908403,2006-07-30 20:51:34,2006-07-31 02:10:51
Botrieches Aurifer,4,1,4.0,0.0645161290323,2014-11-14 14:06:06,2014-11-14 14:17:16
Ljubotard,4,1,4.0,0.000930448941614,2006-12-19 00:07:31,2006-12-19 14:41:19
Blood Oath Bot,4,4,1.0,0.00431628545735,2006-12-14 01:31:37,2007-08-14 14:28:02
EleferenBot,4,4,1.0,0.00937976327175,2012-04-29 18:52:20,2012-07-24 17:54:58
Byrialbot,4,4,1.0,0.000512681650065,2007-07-02 00:42:48,2007-08-03 21:35:55
WikiBotas,4,4,1.0,0.00218865697514,2007-07-21 18:37:40,2008-07-10 12:52:18
Vini 17bot5,4,4,1.0,0.00729886779887,2008-08-06 20:21:21,2008-11-23 15:39:50
StigBot,4,4,1.0,0.00580699985736,2008-06-18 00:03:30,2008-09-30 06:13:00
Robotico,4,3,1.33333333333,0.011235986236,2006-02-21 22:32:51,2006-07-12 14:16:03
VP-bot,4,4,1.0,0.00176819848289,2009-09-25 15:15:29,2011-11-01 22:49:42
PhD-Econobot,4,4,1.0,0.000838377883968,2005-10-11 12:10:27,2005-10-14 03:13:47
Rcabbott,4,2,2.0,0.0239893254599,2004-07-22 04:35:05,2004-08-30 06:38:33
DirlBot,3,3,1.0,0.000560218623928,2009-01-12 21:01:58,2009-03-17 12:52:01
MahdiBot,3,3,1.0,0.000772835316818,2012-12-27 16:54:13,2013-01-17 09:49:20
Botiffity,3,3,1.0,0.00162999136438,2009-08-10 00:52:42,2009-08-10 04:04:48
Pokbot,3,3,1.0,0.0150251410187,2010-10-20 20:35:21,2010-12-01 21:15:46
The Anomebot,3,2,1.5,0.000707564839911,2003-09-05 20:52:03,2003-09-06 20:45:07
Citation bot 4,3,3,1.0,0.00127907705007,2009-05-14 22:30:42,2014-02-02 16:58:56
Citation bot 2,3,2,1.5,0.000472781969294,2011-04-03 09:15:30,2014-01-19 16:40:37
ABot,3,3,1.0,0.00150360669188,2005-09-03 02:17:00,2006-01-26 20:30:09
Wybot,3,3,1.0,0.00109143308253,2007-09-18 09:44:19,2008-05-10 15:31:22
FANSTARbot,3,3,1.0,0.000922771837548,2006-12-15 20:58:06,2007-03-31 16:33:19
Peti610botH,3,3,1.0,0.00154721583748,2008-07-17 17:10:16,2008-12-27 07:49:03
Boticario,3,2,1.5,0.00187257238099,2007-01-10 08:31:21,2008-10-20 12:24:45
AmphBot,3,3,1.0,0.000735399265414,2009-06-16 20:26:07,2009-07-09 10:40:32
Robotcom33,3,3,1.0,0.00086464307991,2008-11-19 13:47:08,2008-11-19 13:51:41
AZatBot,3,3,1.0,0.000582618974925,2008-04-23 19:05:22,2008-05-30 21:18:18
Naudefjbot,3,3,1.0,0.000758590404418,2008-10-18 09:42:10,2013-01-14 06:33:55
Seedbot,3,3,1.0,0.00336209726604,2007-06-25 17:30:56,2007-07-25 13:20:21
Truebott,3,2,1.5,0.000447741799793,2007-07-31 19:48:23,2007-12-10 16:26:31
Liquid-aim-bot,3,3,1.0,0.00294136123923,2007-02-25 00:51:02,2007-02-25 22:47:45
PolarBot,3,3,1.0,0.00681074371598,2007-05-15 22:23:59,2007-09-09 20:42:37
Hazard-Bot,3,3,1.0,0.00145918211468,2012-06-09 04:22:30,2013-05-29 00:22:54
TheRobot Vegetable,3,2,1.5,0.00128800828177,2014-02-02 19:15:13,2014-02-02 19:39:23
LivingBot,3,3,1.0,0.0380271998705,2009-01-12 11:08:56,2009-01-25 21:23:22
Ganeshbot,3,2,1.5,0.000729886342119,2006-04-05 06:04:37,2006-10-25 03:12:27
AmaraBot,3,3,1.0,0.00028350312128,2011-01-01 04:50:26,2011-01-03 21:40:17
Turboteddy,3,1,3.0,0.00710900473934,2008-05-21 19:10:44,2008-05-21 20:24:28
Botx,3,3,1.0,0.00379697282349,2007-04-12 17:43:25,2007-04-19 00:33:56
Caypartisbot,3,3,1.0,0.000357812083695,2011-11-21 22:28:16,2011-11-25 11:05:34
IMeowbot,3,3,1.0,0.000407557273948,2005-04-15 05:33:22,2006-05-16 15:08:59
GA bot,3,3,1.0,0.000828423634818,2011-10-31 19:49:23,2013-08-25 19:17:55
ImageTagBot,3,3,1.0,0.00608519686822,2009-06-07 14:47:14,2009-09-17 04:24:46
Josvebot,3,3,1.0,0.000272657161242,2013-12-01 00:21:59,2014-08-19 16:50:22
Nono le petit robot,3,3,1.0,0.00186859338591,2007-04-17 00:58:12,2007-04-18 04:49:13
Maksim-bot,3,3,1.0,0.00429032591168,2009-09-05 11:01:07,2010-02-13 15:37:50
Ficbot,2,2,1.0,0.00259067357513,2008-05-24 15:10:34,2008-05-24 15:10:34
Eivindbot,2,2,1.0,0.00523523309051,2008-05-20 20:19:17,2008-05-21 02:12:25
SpillingBot,2,2,1.0,0.00179382093317,2008-04-14 21:50:41,2008-07-01 23:00:07
Atomobot,2,2,1.0,0.000261964632673,2006-03-18 22:39:07,2006-03-18 23:57:54
DcoetzeeBot,2,2,1.0,0.00141212607566,2004-07-30 04:22:34,2004-07-30 06:59:36
Eowbotm2,2,1,2.0,0.000319386777387,2006-11-28 16:28:06,2006-11-28 16:29:24
DinoBot,2,2,1.0,0.001866359447,2006-09-16 03:00:54,2006-11-21 01:46:47
Edwardspec TalkBot,2,2,1.0,0.00207574609723,2006-08-19 20:24:33,2006-08-19 20:24:49
Tabbott,2,1,2.0,0.0123456790123,2006-09-02 12:19:49,2006-09-02 12:20:13
KingAbbott16,2,1,2.0,0.000925069380204,2010-02-09 16:23:30,2010-02-09 16:35:20
STBotT,2,2,1.0,0.0270562770563,2007-02-19 15:24:49,2007-02-19 20:59:51
NodBot,2,2,1.0,0.0168335419274,2011-10-23 09:27:26,2012-02-29 16:59:08
VsBot,2,2,1.0,0.000379470988889,2007-08-19 19:44:00,2007-09-14 12:37:11
Lovearobot,2,1,2.0,0.00995024875622,2010-06-26 17:20:02,2010-06-26 17:22:14
Android Mouse Bot,2,2,1.0,0.000946323979369,2007-08-10 03:00:58,2007-08-10 03:01:13
UnCatBot,2,2,1.0,0.0198412698413,2008-01-14 02:12:03,2009-02-21 03:10:11
XyBot,2,2,1.0,0.00174960322805,2006-08-29 12:59:25,2006-08-29 14:15:26
KarBOT,2,2,1.0,0.00260494010494,2006-09-17 00:31:39,2006-09-17 16:10:47
Turbotong,2,1,2.0,0.000171408981831,2006-07-21 15:45:55,2006-07-21 15:47:44
SwiftBot,2,2,1.0,0.000735981402358,2006-08-22 23:02:25,2009-02-23 10:25:29
HarrivBOT,2,2,1.0,0.00573281445965,2008-01-24 22:39:24,2009-06-05 14:12:10
BotheredByBees,2,1,2.0,0.00498753117207,2012-09-30 22:17:32,2012-09-30 22:19:28
CactusBot,2,2,1.0,0.0015923035881,2010-12-06 18:15:23,2010-12-08 11:39:01
RobotQuistnix,2,2,1.0,0.000824401520796,2010-10-13 23:15:29,2010-10-14 04:50:48
RiseRobotRise,2,1,2.0,0.0016393442623,2008-03-03 10:58:07,2008-03-03 11:00:51
Jon Abbott,2,2,1.0,0.00142857142857,2005-10-29 14:37:48,2005-10-29 14:37:48
Somnabot,2,1,2.0,0.000225301340543,2006-07-11 04:59:41,2006-07-11 05:01:03
Botibacsi,2,1,2.0,0.000286697247706,2006-02-06 20:00:14,2006-02-06 20:01:08
EnzaiBot,2,2,1.0,0.00823131925726,2012-04-11 16:32:10,2012-04-12 18:41:45
StanfordLinkBot,2,2,1.0,0.00103165136509,2015-02-08 08:50:59,2015-02-08 09:00:08
Vessbot,2,1,2.0,0.000693721817551,2004-12-29 23:55:46,2004-12-30 00:07:19
Mbotee,2,1,2.0,0.000405186385737,2011-08-27 20:38:25,2011-08-27 20:39:22
SamuraiBot,2,2,1.0,0.00101736400737,2008-08-17 07:01:33,2008-12-14 19:05:18
NobelBot,2,2,1.0,0.000260750159604,2009-03-11 16:05:56,2009-03-16 12:30:34
Chris G Bot,2,2,1.0,0.000679102927808,2009-12-29 00:21:55,2010-05-24 00:22:30
Albambot,2,2,1.0,0.0066797450601,2008-09-21 01:19:39,2008-11-21 10:58:35
Manubot,2,2,1.0,0.000577726061207,2011-02-11 12:27:49,2011-02-24 17:23:44
Antischmitzbot,2,1,2.0,0.014598540146,2007-03-23 02:22:59,2007-03-23 02:27:10
Halibott,2,2,1.0,0.00237573099415,2006-09-19 21:00:42,2006-10-20 05:43:55
TottyBot,2,2,1.0,0.000740870037431,2007-01-14 07:22:00,2007-02-11 07:36:45
H92Bot,2,2,1.0,0.0104888145848,2008-05-13 12:46:24,2008-05-30 11:19:13
ChessBOT,2,2,1.0,0.000733448650115,2011-06-16 13:20:23,2011-06-23 11:52:17
MenasimBot,2,2,1.0,0.00373295495633,2008-01-28 13:27:50,2008-05-25 13:24:21
Botend,2,2,1.0,0.00121506682868,2011-09-14 23:49:54,2011-09-14 23:49:54
Slobot,2,2,1.0,0.000213971162492,2007-09-14 17:34:51,2008-05-14 15:49:45
Kisbesbot,2,2,1.0,0.000875401709538,2008-05-22 10:05:09,2008-06-11 11:30:41
TuvicBot,2,2,1.0,0.000674033821855,2007-01-10 20:13:27,2007-05-01 18:11:37
Riccardobot,2,2,1.0,0.000195902379385,2006-11-29 08:42:03,2006-11-30 09:19:27
Robot Revery,2,1,2.0,0.000338638672536,2008-12-23 04:21:50,2008-12-23 04:24:44
Planktonbot,2,2,1.0,0.00025313082867,2006-07-16 02:02:39,2006-07-16 03:12:36
Chartbot,2,1,2.0,0.00308641975309,2013-03-17 02:00:58,2013-03-23 22:45:37
Pegasusbot,2,2,1.0,0.000252182788543,2006-03-25 07:30:57,2006-03-25 07:32:20
CopyToWiktionaryBot,2,2,1.0,0.0192328042328,2007-02-09 05:24:21,2007-03-24 04:40:39
Hamubotar,2,2,1.0,0.000406669377796,2009-06-24 01:17:53,2009-06-24 01:17:53
MercuryBot,2,2,1.0,0.00015010283648,2007-02-26 06:07:13,2007-02-26 23:18:35
Kwjbot,2,2,1.0,0.000298569405708,2008-08-02 10:16:45,2009-01-28 01:31:33
Scrobotovici,1,1,1.0,0.000444642063139,2014-01-18 00:07:16,2014-01-18 00:07:16
Turbotape,1,1,1.0,0.000822368421053,2011-11-15 19:27:33,2011-11-15 19:27:33
TVT-bot,1,1,1.0,0.001443001443,2010-01-05 09:46:43,2010-01-05 09:46:43
J Milburn Bot,1,1,1.0,0.00198412698413,2008-07-12 20:20:13,2008-07-12 20:20:13
Jean-marc.bottazzi,1,1,1.0,0.000498256103637,2012-02-23 04:40:37,2012-02-23 04:40:37
Eyabbott,1,1,1.0,0.00082304526749,2008-06-11 06:19:53,2008-06-11 06:19:53
Bombot,1,1,1.0,0.000166444740346,2006-10-25 19:16:41,2006-10-25 19:16:41
Imarobot22,1,1,1.0,0.000610500610501,2014-01-25 11:20:43,2014-01-25 11:20:43
Beefybot,1,1,1.0,0.000346260387812,2006-07-06 21:55:43,2006-07-06 21:55:43
Innocent iwbot,1,1,1.0,0.0014880952381,2012-10-05 07:49:52,2012-10-05 07:49:52
BrokenAnchorBot,1,1,1.0,0.0212765957447,2010-07-18 06:33:34,2010-07-18 06:33:34
TaptheBottle,1,1,1.0,0.000307692307692,2009-08-27 02:31:06,2009-08-27 02:31:06
Homobot,1,1,1.0,0.00120336943442,2008-12-03 10:52:17,2008-12-03 10:52:17
Norobotdiving,1,1,1.0,0.00170648464164,2010-02-10 14:17:03,2010-02-10 14:17:03
OrBot,1,1,1.0,0.00172711571675,2007-10-07 06:21:08,2007-10-07 06:21:08
AswnBot,1,1,1.0,0.00143061516452,2012-03-10 07:34:46,2012-03-10 07:34:46
Botsxng,1,1,1.0,0.00190114068441,2015-04-01 20:55:02,2015-04-01 20:55:02
AntiAbuseBot,1,1,1.0,0.000359324469996,2009-02-03 03:22:06,2009-02-03 03:22:06
Amolbot,1,1,1.0,0.00021404109589,2012-05-03 15:25:08,2012-05-03 15:25:08
DimetroBot,1,1,1.0,0.00149700598802,2011-09-23 20:41:47,2011-09-23 20:41:47
Gtalbot,1,1,1.0,0.000188786105343,2006-11-20 12:43:54,2006-11-20 12:43:54
Mrroboto2007,1,1,1.0,0.000229673863114,2007-03-05 16:31:53,2007-03-05 16:31:53
Bottyhunter,1,1,1.0,0.000379650721336,2008-03-23 13:10:26,2008-03-23 13:10:26
MandelBot,1,1,1.0,0.0153846153846,2009-04-24 16:33:00,2009-04-24 16:33:00
TedderBot,1,1,1.0,0.0204081632653,2013-04-11 23:42:14,2013-04-11 23:42:14
Mairibot,1,1,1.0,0.00662251655629,2005-11-11 07:00:03,2005-11-11 07:00:03
EvilRobot69,1,1,1.0,0.00584795321637,2008-03-23 07:54:17,2008-03-23 07:54:17
VeblenBot,1,1,1.0,0.000307692307692,2007-08-31 02:41:22,2007-08-31 02:41:22
KarlsenBot,1,1,1.0,0.00735294117647,2010-10-27 09:32:06,2010-10-27 09:32:06
Turbothy,1,1,1.0,0.0047619047619,2007-03-26 21:51:56,2007-03-26 21:51:56
Killbot2006,1,1,1.0,0.000109926349346,2006-02-25 04:05:35,2006-02-25 04:05:35
LawBot,1,1,1.0,0.00243902439024,2009-10-09 07:46:26,2009-10-09 07:46:26
HackedBotato,1,1,1.0,0.00038240917782,2015-02-07 06:26:36,2015-02-07 06:26:36
Scott botham in real life,1,1,1.0,0.000664451827243,2010-10-07 21:18:07,2010-10-07 21:18:07
Luuvabot,1,1,1.0,0.000167420056923,2008-10-28 17:40:50,2008-10-28 17:40:50
Bot0004,1,1,1.0,0.000250375563345,2006-05-24 20:15:06,2006-05-24 20:15:06
Beau.bot,1,1,1.0,0.015625,2010-01-01 19:04:38,2010-01-01 19:04:38
ZadBot,1,1,1.0,0.000189825360668,2013-03-05 17:44:33,2013-03-05 17:44:33
Kotis the botis,1,1,1.0,0.000664451827243,2014-03-13 13:28:24,2014-03-13 13:28:24
HairBot,1,1,1.0,0.00793650793651,2012-11-11 18:37:06,2012-11-11 18:37:06
Botsjeh,1,1,1.0,0.000390167772142,2012-04-17 13:28:57,2012-04-17 13:28:57
WikiBot,1,1,1.0,0.000143348623853,2006-10-31 02:35:29,2006-10-31 02:35:29
HujiBot,1,1,1.0,0.00130718954248,2007-08-21 14:11:20,2007-08-21 14:11:20
Paucabot,1,1,1.0,0.000797448165869,2007-10-19 17:24:57,2007-10-19 17:24:57
RobotEater,1,1,1.0,0.000262260687123,2007-06-23 00:45:57,2007-06-23 00:45:57
MelancholieBot,1,1,1.0,0.000143287003869,2006-10-04 01:02:33,2006-10-04 01:02:33
Mboto,1,1,1.0,0.000474833808167,2010-01-10 11:11:17,2010-01-10 11:11:17
Botodo,1,1,1.0,0.00109289617486,2008-03-16 00:40:27,2008-03-16 00:40:27
Helsabott,1,1,1.0,0.000112650670271,2011-12-29 03:32:17,2011-12-29 03:32:17
TypoBot,1,1,1.0,0.0147058823529,2007-06-27 15:12:10,2007-06-27 15:12:10
Andrewrabbott,1,1,1.0,0.000571102227299,2011-11-04 14:57:30,2011-11-04 14:57:30
Bgbot,1,1,1.0,0.000278940027894,2004-10-31 22:15:36,2004-10-31 22:15:36
DarknessBot,1,1,1.0,0.0277777777778,2009-04-24 04:50:58,2009-04-24 04:50:58
Botanical nomi,1,1,1.0,0.0036231884058,2010-06-16 06:55:20,2010-06-16 06:55:20
MauchoBot,1,1,1.0,0.000346260387812,2011-05-30 02:56:22,2011-05-30 02:56:22
Eowbotm34,1,1,1.0,0.000159693388694,2008-02-21 02:58:49,2008-02-21 02:58:49
RobotDjuret,1,1,1.0,0.00279329608939,2014-02-22 11:08:37,2014-02-22 11:08:37
Austin Sextius Arctic Robot,1,1,1.0,0.00025779840165,2010-11-05 21:28:53,2010-11-05 21:28:53
Bottlebrush,1,1,1.0,0.00153846153846,2007-03-19 11:29:12,2007-03-19 11:29:12
Guanabot2,1,1,1.0,0.000260824204486,2005-09-01 23:30:02,2005-09-01 23:30:02
KevinBot,1,1,1.0,0.000273822562979,2004-08-16 15:57:17,2004-08-16 15:57:17
AndreasJSbot,1,1,1.0,0.000244678248104,2008-01-19 15:44:06,2008-01-19 15:44:06
Autobot Ninja,1,1,1.0,0.000498256103637,2006-08-25 08:29:44,2006-08-25 08:29:44
Limbotoy,1,1,1.0,0.000737463126844,2011-07-19 15:37:33,2011-07-19 15:37:33
DCBotTrick,1,1,1.0,0.000143348623853,2011-05-20 20:50:26,2011-05-20 20:50:26
ToddYbboT,1,1,1.0,0.00210526315789,2006-08-23 13:39:21,2006-08-23 13:39:21
Pornbott,1,1,1.0,0.00025779840165,2009-09-01 18:18:49,2009-09-01 18:18:49
Egmontbot,1,1,1.0,0.0002408477842,2009-06-13 06:54:46,2009-06-13 06:54:46
Bersibot,1,1,1.0,0.00456621004566,2010-04-19 17:01:40,2010-04-19 17:01:40
Sambot,1,1,1.0,0.000798722044728,2009-05-16 06:53:23,2009-05-16 06:53:23
PorthosBot,1,1,1.0,0.000502512562814,2006-03-29 05:45:11,2006-03-29 05:45:11
Mobius Bot,1,1,1.0,0.00106723585912,2010-11-13 12:54:29,2010-11-13 12:54:29
Hobotheclown,1,1,1.0,0.000798722044728,2010-10-13 05:21:02,2010-10-13 05:21:02
R0botocracy,1,1,1.0,0.00473933649289,2007-02-22 17:43:30,2007-02-22 17:43:30
Bottlesd,1,1,1.0,0.000380662352493,2014-11-15 08:56:11,2014-11-15 08:56:11
Bottylad,1,1,1.0,0.000174550532379,2008-03-07 13:37:52,2008-03-07 13:37:52
OpenlibraryBot,1,1,1.0,0.000261643118786,2010-11-20 04:11:04,2010-11-20 04:11:04
Analphabot,1,1,1.0,0.000146455770357,2011-07-09 11:48:46,2011-07-09 11:48:46
Robotron35,1,1,1.0,0.000275103163686,2006-02-27 00:07:47,2006-02-27 00:07:47
Why bother,1,1,1.0,0.000187230855645,2006-09-25 21:54:29,2006-09-25 21:54:29
HeirBot,1,1,1.0,0.000112650670271,2006-03-08 22:45:53,2006-03-08 22:45:53
Carlo.bottai,1,1,1.0,0.0018691588785,2012-08-30 09:28:07,2012-08-30 09:28:07
Bot-iww,1,1,1.0,0.000229673863114,2007-06-05 09:00:41,2007-06-05 09:00:41
DomBot,1,1,1.0,0.000218007412252,2006-10-27 05:42:32,2006-10-27 05:42:32
Wabbott9,1,1,1.0,0.000244678248104,2011-01-07 03:48:38,2011-01-07 03:48:38
Schabot,1,1,1.0,0.00082304526749,2006-11-15 16:23:46,2006-11-15 16:23:46
AsgardBot,1,1,1.0,0.00153846153846,2006-09-19 13:48:08,2006-09-19 13:48:08
DrFO.Tn.Bot,1,1,1.0,0.000807754442649,2009-01-29 14:58:51,2009-01-29 14:58:51
AlexNewArtBot,1,1,1.0,0.0454545454545,2007-03-26 15:31:16,2007-03-26 15:31:16
Apostmodernrobot,1,1,1.0,0.000739098300074,2008-04-29 04:24:52,2008-04-29 04:24:52
Amibothered,1,1,1.0,0.00158982511924,2006-05-08 15:28:13,2006-05-08 15:28:13
PotatoBot,1,1,1.0,0.000244678248104,2014-06-01 16:15:16,2014-06-01 16:15:16
Robotsintrouble,1,1,1.0,0.00151745068285,2013-10-16 06:53:44,2013-10-16 06:53:44
Ormanbotanigi,1,1,1.0,0.00485436893204,2006-05-19 08:35:54,2006-05-19 08:35:54
Staggerbot,1,1,1.0,0.000159693388694,2007-02-13 22:07:37,2007-02-13 22:07:37
Rambot,1,1,1.0,0.000765696784074,2003-06-29 01:12:56,2003-06-29 01:12:56
Memty Bot,1,1,1.0,0.000406173842405,2006-08-23 19:54:13,2006-08-23 19:54:13
MGA73bot,1,1,1.0,0.00323624595469,2009-06-30 12:50:53,2009-06-30 12:50:53
Blairtalbot,1,1,1.0,0.000232612235404,2006-06-25 04:02:42,2006-06-25 04:02:42
Ageism Bot,1,1,1.0,0.0014880952381,2008-06-15 04:11:32,2008-06-15 04:11:32
Danumber1bot,1,1,1.0,0.000798722044728,2007-01-21 00:05:38,2007-01-21 00:05:38
Hyperbotfly,1,1,1.0,0.000159693388694,2005-06-12 19:09:35,2005-06-12 19:09:35
Fizzbot86,1,1,1.0,0.0011641443539,2007-11-03 18:43:58,2007-11-03 18:43:58
Rob110178bot,1,1,1.0,0.0769230769231,2007-01-26 20:20:18,2007-01-26 20:20:18
Jimbotyson,1,1,1.0,0.0015923566879,2011-08-30 13:50:40,2011-08-30 13:50:40
Wikbot,1,1,1.0,0.00221729490022,2008-06-25 22:12:21,2008-06-25 22:12:21
Fatabbot666,1,1,1.0,0.000139801481896,2006-11-06 18:48:43,2006-11-06 18:48:43
Robotronik,1,1,1.0,0.000475285171103,2009-02-17 11:01:08,2009-02-17 11:01:08
Jameshigginbottom,1,1,1.0,0.000143287003869,2010-11-01 18:34:13,2010-11-01 18:34:13
Kasymbot,1,1,1.0,0.00185185185185,2012-06-15 09:17:39,2012-06-15 09:17:39
Sabotage1,1,1,1.0,0.0151515151515,2009-12-23 02:12:53,2009-12-23 02:12:53
StubListBot,1,1,1.0,0.00038240917782,2006-12-02 19:05:59,2006-12-02 19:05:59
Bothand W. Primacy,1,1,1.0,0.0238095238095,2012-10-31 18:01:20,2012-10-31 18:01:20
Robotwisdom,1,1,1.0,0.000142592328533,2009-08-05 14:38:50,2009-08-05 14:38:50
Pete bot,1,1,1.0,0.00138504155125,2007-04-07 15:43:24,2007-04-07 15:43:24
SoxDotBot,1,1,1.0,0.00234192037471,2014-04-15 20:24:32,2014-04-15 20:24:32
MaBot,1,1,1.0,0.000169319336268,2008-12-23 05:11:29,2008-12-23 05:11:29
Tinynanorobots,1,1,1.0,0.00104493207941,2012-05-15 00:34:33,2012-05-15 00:34:33
LSG1-Bot,1,1,1.0,0.00102880658436,2009-10-25 19:06:38,2009-10-25 19:06:38
Milk's Favorite Bot II,1,1,1.0,0.01,2008-07-21 15:30:19,2008-07-21 15:30:19
Zachrebottini,1,1,1.0,0.00106157112527,2013-01-03 18:04:15,2013-01-03 18:04:15
Ethanrobots,1,1,1.0,0.000435729847495,2011-05-07 17:07:41,2011-05-07 17:07:41
Suprobot3,1,1,1.0,0.000571102227299,2006-06-05 06:19:07,2006-06-05 06:19:07
Rorobot,1,1,1.0,0.002457002457,2014-01-03 20:17:37,2014-01-03 20:17:37
Botang,1,1,1.0,0.00100200400802,2007-12-28 12:41:43,2007-12-28 12:41:43
Michalchrobot,1,1,1.0,0.000223863890754,2007-10-18 14:43:27,2007-10-18 14:43:27
VandalBot,1,1,1.0,0.000290613193839,2004-11-05 04:57:03,2004-11-05 04:57:03
Senorelroboto,1,1,1.0,0.00030637254902,2007-11-22 22:23:10,2007-11-22 22:23:10
Nibot92,1,1,1.0,0.000727802037846,2008-07-25 18:14:36,2008-07-25 18:14:36
Clubbota,1,1,1.0,0.0008,2008-07-31 23:35:37,2008-07-31 23:35:37
Jon talbot56,1,1,1.0,0.00182481751825,2014-06-06 11:43:07,2014-06-06 11:43:07
Ver-bot,1,1,1.0,0.00151515151515,2010-06-06 14:26:34,2010-06-06 14:26:34
Daibot,1,1,1.0,0.000589622641509,2008-07-03 23:49:44,2008-07-03 23:49:44
Maryisabelleabbott,1,1,1.0,0.000664451827243,2007-07-17 21:12:31,2007-07-17 21:12:31
Botica,1,1,1.0,0.0015873015873,2005-01-25 19:59:48,2005-01-25 19:59:48
Diego Grez Bot,1,1,1.0,0.0123456790123,2010-12-12 08:58:44,2010-12-12 08:58:44
