,personal pronouns,articles,hf adverbs,prepositions,total words,impersonal pronouns,quantifiers,auxiliary verbs,negations,conjunctions
2D computer graphics,0.00377269511908,0.0933742041971,0.00259372789436,0.0926668238623,4241,0.00306531478425,0.0110822919123,0.0353690167413,0.00212214100448,0.0292383871728
2D geometric model,0.010582010582,0.0899470899471,0.010582010582,0.0899470899471,189,0.0,0.010582010582,0.047619047619,0.00529100529101,0.026455026455
3-sphere,0.00868558193399,0.125940938043,0.0011580775912,0.112044006948,3454,0.00492182976259,0.00897510133179,0.0416907932831,0.0011580775912,0.018818760857
3D computer graphics,0.00143369175627,0.0695340501792,0.00430107526882,0.0924731182796,1395,0.00215053763441,0.00573476702509,0.0250896057348,0.00143369175627,0.0293906810036
3D projection,0.00371517027864,0.105882352941,0.00123839009288,0.0879256965944,1615,0.0030959752322,0.00371517027864,0.0340557275542,0.00185758513932,0.0247678018576
Absolute geometry,0.00272975432211,0.0773430391265,0.00181983621474,0.0991810737034,1099,0.00727934485896,0.00727934485896,0.0373066424022,0.0090991810737,0.0327570518653
Acute and obtuse triangles,0.00598476605005,0.115342763874,0.0,0.101741022851,1838,0.00435255712731,0.0136017410229,0.0337323177367,0.00163220892274,0.0299238302503
Affine geometry,0.00508130081301,0.0819783197832,0.000677506775068,0.107723577236,2952,0.0030487804878,0.00643631436314,0.034891598916,0.0030487804878,0.0233739837398
Affine space,0.00453001132503,0.108720271801,0.00151000377501,0.0947527368818,2649,0.00377500943752,0.00981502453756,0.0385050962627,0.00264250660627,0.0241600604002
Affine transformation,0.00391134289439,0.122120817036,0.000434593654933,0.103867883529,2301,0.00391134289439,0.012603215993,0.0391134289439,0.00304215558453,0.0265102129509
Algebraic geometry,0.00577489687684,0.0993517972893,0.00117855038303,0.111844431349,8485,0.0042427813789,0.00942840306423,0.0342958161461,0.00282852091927,0.0235710076606
Altitude (triangle),0.0019638648861,0.150039277298,0.000785545954438,0.0978004713276,2546,0.00628436763551,0.00706991358995,0.0267085624509,0.000785545954438,0.025137470542
Analytic geometry,0.00630213160334,0.105838739574,0.00166821130677,0.10046339203,5395,0.00741427247451,0.0079703429101,0.0402224281742,0.00407784986098,0.0320667284523
Angle,0.00317604355717,0.107229280097,0.00105868118572,0.102087114338,6612,0.00499092558984,0.00771324863884,0.0450695704779,0.00226860254083,0.0296430732002
Angle trisection,0.00181356546971,0.104098657962,0.00145085237577,0.106274936525,2757,0.00616612259703,0.00834240116068,0.0406238665216,0.0050779833152,0.025027203482
Angular defect,0.000989119683482,0.157270029674,0.0,0.121661721068,1011,0.00197823936696,0.024727992087,0.0375865479723,0.00296735905045,0.0207715133531
Annulus (mathematics),0.0,0.154963680387,0.0,0.128329297821,413,0.00242130750605,0.00726392251816,0.043583535109,0.0,0.0242130750605
Aperiodic tiling,0.00426015336552,0.0752627094575,0.00113604089747,0.0860550979835,3521,0.00284010224368,0.0116444191991,0.0286850326612,0.00369213291679,0.0184606645839
Arc (projective geometry),0.0030303030303,0.106060606061,0.0,0.0878787878788,660,0.00151515151515,0.00151515151515,0.0424242424242,0.00757575757576,0.00606060606061
Archimedean solid,0.00466562986003,0.0642820114049,0.000518403317781,0.0653188180404,1929,0.00259201658891,0.0103680663556,0.0274753758424,0.00259201658891,0.0228097459824
Astronomy,0.00407055630936,0.0847580280416,0.00135685210312,0.0926277702397,11055,0.00262324739937,0.00569877883311,0.025961103573,0.000723654454998,0.0264133876074
B-spline,0.00436827956989,0.0890456989247,0.0,0.0994623655914,2976,0.00336021505376,0.00840053763441,0.0436827956989,0.000672043010753,0.0245295698925
Ball (mathematics),0.00150715900528,0.10851544838,0.00150715900528,0.105501130369,1327,0.00678221552374,0.0120572720422,0.0467219291635,0.0060286360211,0.0233609645818
Bicentric quadrilateral,0.00313916986397,0.114405301709,0.0,0.0854551796303,2867,0.00558074642483,0.00488315312173,0.0446459713987,0.00104638995466,0.0313916986397
Binary space partitioning,0.00682235633692,0.10495932826,0.00183678824456,0.103647336657,3811,0.00393597480976,0.00524796641301,0.0272894253477,0.0010495932826,0.0202046706901
Birational geometry,0.00735863671572,0.0805577072037,0.00232378001549,0.0975987606507,2582,0.00580945003873,0.0116189000775,0.0518977536793,0.00580945003873,0.013942680093
Borromean rings,0.00609756097561,0.0878048780488,0.0,0.0849593495935,2460,0.000406504065041,0.00487804878049,0.029674796748,0.00325203252033,0.020325203252
Brahmagupta's formula,0.00587371512482,0.116005873715,0.0,0.111600587372,681,0.00440528634361,0.00440528634361,0.0440528634361,0.0014684287812,0.014684287812
Bretschneider's formula,0.00337837837838,0.128378378378,0.0,0.114864864865,296,0.00337837837838,0.00675675675676,0.0337837837838,0.00337837837838,0.0202702702703
Burmester's theory,0.00212652844232,0.124401913876,0.000531632110579,0.108452950558,1881,0.00425305688464,0.00744284954811,0.0324295587453,0.00106326422116,0.0196703880914
Bézier curve,0.00267444687576,0.0797471432045,0.00194505227328,0.0940919037199,4113,0.00267444687576,0.010697787503,0.0333090201799,0.0024313153416,0.025771942621
Cavalieri's principle,0.00182926829268,0.128048780488,0.000609756097561,0.126219512195,1640,0.00792682926829,0.00548780487805,0.044512195122,0.00243902439024,0.0158536585366
Central angle,0.00199600798403,0.111776447106,0.0,0.0678642714571,501,0.00199600798403,0.0,0.0359281437126,0.00399201596806,0.0279441117764
Chirality (mathematics),0.00551267916207,0.102535832415,0.0,0.0948180815877,907,0.018743109151,0.00992282249173,0.0672546857773,0.00661521499449,0.0330760749724
Circle,0.00231140996008,0.146459340198,0.0,0.11136793444,4759,0.00609371716747,0.00861525530574,0.0413952511032,0.00126076906913,0.0220634587098
Circumscribed circle,0.00206124852768,0.13457008245,0.000588928150766,0.101295641932,3396,0.00471142520612,0.0108951707892,0.0379858657244,0.00206124852768,0.0220848056537
Compass-and-straightedge construction,0.007976955462,0.108132062929,0.000886328384667,0.0979392865057,4513,0.00620429869267,0.0121870152892,0.0376689563483,0.00576113450033,0.037225792156
Complex geometry,0.00344827586207,0.0896551724138,0.00229885057471,0.108045977011,870,0.00919540229885,0.0114942528736,0.0494252873563,0.0,0.0241379310345
Complex projective plane,0.00215053763441,0.109677419355,0.00215053763441,0.0967741935484,465,0.00645161290323,0.00645161290323,0.0516129032258,0.0,0.0215053763441
Computational geometry,0.00171747531129,0.0863031343924,0.00171747531129,0.0974667239158,2329,0.00171747531129,0.00858737655646,0.0326320309146,0.00128810648347,0.0249033920137
Computer graphics,0.00657620041754,0.0802713987474,0.00219206680585,0.0982254697286,9580,0.00417536534447,0.00594989561587,0.0313152400835,0.00167014613779,0.0319415448852
Concurrent lines,0.00488997555012,0.142420537897,0.000611246943765,0.112469437653,1636,0.00244498777506,0.0146699266504,0.0397310513447,0.0,0.0250611246944
Concyclic points,0.0033692722372,0.109838274933,0.000673854447439,0.100404312668,1484,0.00404312668464,0.0161725067385,0.0397574123989,0.00134770889488,0.0289757412399
Cone,0.0,0.150530503979,0.00198938992042,0.109416445623,1508,0.00596816976127,0.0079575596817,0.0457559681698,0.0053050397878,0.0245358090186
Conformal geometry,0.000691802144587,0.124524386026,0.000691802144587,0.107229332411,2891,0.00588031822899,0.00588031822899,0.0418540297475,0.00207540643376,0.0127983396749
Congruence (geometry),0.0132723112128,0.0919908466819,0.00091533180778,0.10938215103,2185,0.00137299771167,0.00503432494279,0.049885583524,0.00640732265446,0.0343249427918
Conic section,0.00458575359217,0.123051054723,0.000764292265362,0.103943748089,6542,0.00535004585754,0.00963008254356,0.0438703760318,0.0027514521553,0.0287373891776
Constructive solid geometry,0.00221729490022,0.0643015521064,0.00332594235033,0.0853658536585,902,0.00665188470067,0.0133037694013,0.0443458980044,0.00221729490022,0.0310421286031
Contact geometry,0.00228519195612,0.106946983547,0.000457038391225,0.0991773308958,2188,0.00594149908592,0.00868372943327,0.0374771480804,0.00091407678245,0.0187385740402
Convex geometry,0.0010989010989,0.0263736263736,0.0,0.0637362637363,910,0.0043956043956,0.0010989010989,0.00989010989011,0.0,0.0263736263736
Convex hull,0.00281917035844,0.105114780507,0.00322190898107,0.105114780507,2483,0.0108739428111,0.016512283528,0.0326218284333,0.0024164317358,0.0193314538864
Convex uniform honeycomb,0.00276039749724,0.0334928229665,0.0,0.0421420684579,5434,0.00092013249908,0.0046006624954,0.0143540669856,0.000552079499448,0.0114096429886
Coordinate rotations and reflections,0.0,0.123232323232,0.0,0.10101010101,495,0.00606060606061,0.0121212121212,0.0545454545455,0.0040404040404,0.0383838383838
Coordinate-free,0.00743494423792,0.089219330855,0.0148698884758,0.111524163569,269,0.00371747211896,0.0185873605948,0.0334572490706,0.00371747211896,0.0297397769517
Coxeter group,0.00292654375183,0.0889669300556,0.0,0.0854550775534,3417,0.00263388937665,0.0114135206321,0.0321919812701,0.00409716125256,0.0251682762657
Cross section (geometry),0.00149476831091,0.124065769806,0.00149476831091,0.130044843049,1338,0.00597907324365,0.00523168908819,0.0358744394619,0.00224215246637,0.0179372197309
Cross-ratio,0.00562324273664,0.114026866604,0.000937207122774,0.110590440487,3201,0.00562324273664,0.00812246173071,0.0396751015308,0.00343642611684,0.0196813495783
Crystal,0.00390516039052,0.0850767085077,0.00334728033473,0.0951185495119,3585,0.00390516039052,0.0114365411437,0.0390516039052,0.0044630404463,0.0287308228731
Crystal system,0.00679809653297,0.0513256288239,0.000679809653297,0.0554044867437,2942,0.00169952413324,0.00509857239973,0.0248130523453,0.00101971447995,0.0210740992522
Cuisenaire rods,0.013037809648,0.0632333767927,0.000651890482399,0.0860495436767,1534,0.0019556714472,0.00521512385919,0.0182529335072,0.0,0.0215123859192
Curve of constant width,0.00570962479608,0.112561174551,0.000815660685155,0.121533442088,1226,0.00652528548124,0.0130505709625,0.0432300163132,0.00407830342577,0.0179445350734
Cyclic quadrilateral,0.000668002672011,0.113560454242,0.0,0.0855043420174,2994,0.00267201068804,0.0063460253841,0.0434201736807,0.00100200400802,0.0277221108884
Dandelin spheres,0.00389711613406,0.127825409197,0.00155884645362,0.0974279033515,1283,0.00233826968044,0.00935307872175,0.0428682774747,0.0,0.0210444271239
Delaunay triangulation,0.00580340950308,0.108813928183,0.000362713093943,0.0903155603917,2757,0.00471527022125,0.0119695321001,0.0308306129851,0.0050779833152,0.0195865070729
Deltahedron,0.00297397769517,0.0468401486989,0.0,0.0431226765799,1345,0.0,0.0104089219331,0.0237918215613,0.00297397769517,0.0111524163569
Desargues' theorem,0.0042735042735,0.0902184235518,0.000474833808167,0.0987654320988,2106,0.00237416904084,0.0132953466287,0.0332383665717,0.00569800569801,0.0289648622982
Descriptive geometry,0.00371574547144,0.101254064097,0.00139340455179,0.104505341384,2153,0.00418021365536,0.0116117045982,0.0241523455643,0.00278680910358,0.019507663725
Differential geometry,0.00183710961421,0.0900183710961,0.000918554807103,0.0949173300674,3266,0.00428658909982,0.00642988364972,0.0385793018983,0.00244947948561,0.0195958358849
Digital geometry,0.00478011472275,0.0487571701721,0.0,0.0831739961759,1046,0.00478011472275,0.00286806883365,0.0200764818356,0.000956022944551,0.0420650095602
Dihedral angle,0.00444162436548,0.105964467005,0.0,0.0964467005076,1576,0.00317258883249,0.00634517766497,0.0406091370558,0.00190355329949,0.0323604060914
Discrete geometry,0.00323475046211,0.0730129390018,0.000462107208872,0.0804066543438,2164,0.00277264325323,0.00600739371534,0.0309611829945,0.00231053604436,0.0346580406654
Dissection problem,0.00377358490566,0.124528301887,0.00377358490566,0.109433962264,265,0.00754716981132,0.0264150943396,0.0490566037736,0.00754716981132,0.011320754717
Distance geometry,0.00554323725055,0.10421286031,0.00277161862528,0.104767184035,1804,0.00609756097561,0.0110864745011,0.0365853658537,0.00388026607539,0.0288248337029
Dividing a circle into areas,0.0165184243964,0.127700127065,0.0012706480305,0.11626429479,1574,0.00317662007624,0.0209656925032,0.0393900889454,0.00254129606099,0.0190597204574
Duality (projective geometry),0.00405727923628,0.114797136038,0.000477326968974,0.0959427207637,4190,0.00477326968974,0.00453460620525,0.0431980906921,0.00143198090692,0.0214797136038
Eccentricity (mathematics),0.00205338809035,0.120465434634,0.000684462696783,0.113620807666,1461,0.00547570157426,0.00752908966461,0.0438056125941,0.0041067761807,0.0294318959617
Ehrhart polynomial,0.00334821428571,0.0792410714286,0.000558035714286,0.09765625,1792,0.00334821428571,0.00948660714286,0.0345982142857,0.00111607142857,0.015625
Ellipse,0.00325775345322,0.130049517852,0.000912170966901,0.10724524368,7674,0.00456085483451,0.00716705759708,0.0383111806099,0.000912170966901,0.0247589262445
Ellipsoid,0.00607533414338,0.108140947752,0.00243013365735,0.114216281896,1646,0.00303766707169,0.00607533414338,0.0370595382746,0.00182260024301,0.0249088699878
Elliptic geometry,0.00703399765533,0.112934740133,0.000390777647519,0.117624071903,2559,0.00664322000782,0.0121141070731,0.0496287612349,0.00508010941774,0.0242282141462
Enumerative geometry,0.00493096646943,0.0927021696252,0.00197238658777,0.109467455621,1014,0.00394477317554,0.00887573964497,0.0335305719921,0.00394477317554,0.0177514792899
Epipolar geometry,0.00381970970206,0.116883116883,0.0,0.109243697479,1309,0.00840336134454,0.0137509549274,0.035141329259,0.00229182582124,0.0267379679144
Equidiagonal quadrilateral,0.00325379609544,0.0921908893709,0.0,0.100867678959,922,0.0140997830803,0.00759219088937,0.0477223427332,0.0,0.0325379609544
Equilateral triangle,0.00257921886514,0.112748710391,0.000368459837878,0.09027266028,2714,0.00552689756817,0.0154753131909,0.0320560058954,0.0,0.0287398673545
Erlangen program,0.00713606089439,0.0913415794481,0.00190294957184,0.116079923882,2102,0.00523311132255,0.0123691722169,0.0375832540438,0.00570884871551,0.0190294957184
Euclidean distance,0.00621118012422,0.0981366459627,0.00124223602484,0.0981366459627,805,0.0136645962733,0.0,0.0509316770186,0.00248447204969,0.0223602484472
Euclidean geometry,0.00857927247769,0.0839624799817,0.00137268359643,0.102264927934,8742,0.00583390528483,0.00812171127888,0.0370624571036,0.0043468313887,0.0269961107298
Euclidean shortest path,0.00240096038415,0.0768307322929,0.0,0.0768307322929,833,0.00360144057623,0.00240096038415,0.0192076830732,0.00240096038415,0.0168067226891
Euler line,0.00234192037471,0.123536299766,0.00117096018735,0.0930913348946,1708,0.00936768149883,0.0105386416862,0.0263466042155,0.00175644028103,0.0275175644028
Finite geometry,0.00333535476046,0.0964220739842,0.000303214069133,0.0918738629472,3298,0.00303214069133,0.0178896300788,0.0439660400243,0.00424499696786,0.0230442692541
Focus (geometry),0.0038338658147,0.157827476038,0.000638977635783,0.129712460064,1565,0.00511182108626,0.0140575079872,0.0562300319489,0.000638977635783,0.0255591054313
Four-dimensional space,0.00651831872331,0.101146325017,0.000224769611149,0.107889413351,4449,0.00404585300067,0.00561924027871,0.0359631377838,0.00247246572263,0.0184311081142
Fractal,0.003652491521,0.0549178189408,0.001043569006,0.0717453691625,7666,0.0028698147665,0.004174276024,0.0230889642578,0.00273936864075,0.0232194103835
Frieze group,0.00327868852459,0.0972677595628,0.0016393442623,0.0890710382514,1830,0.00109289617486,0.00655737704918,0.0256830601093,0.000546448087432,0.0333333333333
Geometric shape,0.008356545961,0.105849582173,0.008356545961,0.114206128134,359,0.0111420612813,0.0194986072423,0.0640668523677,0.00278551532033,0.0362116991643
Geometrization conjecture,0.00291806958474,0.0985409652076,0.0013468013468,0.105723905724,4455,0.0040404040404,0.00763187429854,0.0446689113356,0.00538720538721,0.0253647586981
Geometry,0.00690351911096,0.0727395184374,0.00151540663411,0.108772520626,5939,0.00370432732783,0.00639838356626,0.029129483078,0.00134702811921,0.0289611045631
Geometry of numbers,0.000821018062397,0.0311986863711,0.0,0.0656814449918,1218,0.000821018062397,0.00246305418719,0.0131362889984,0.0,0.0238095238095
Girard Desargues,0.0103703703704,0.0651851851852,0.00148148148148,0.0992592592593,675,0.00148148148148,0.00148148148148,0.0192592592593,0.0,0.0237037037037
Glide reflection,0.0039100684262,0.117302052786,0.0,0.0967741935484,1023,0.00977517106549,0.00684261974585,0.0293255131965,0.000977517106549,0.0146627565982
Golden angle,0.0,0.141280353201,0.0,0.112582781457,453,0.00441501103753,0.00220750551876,0.0353200883002,0.0,0.0132450331126
Graham scan,0.00594353640416,0.102526002972,0.00074294205052,0.0958395245171,1346,0.00891530460624,0.0126300148588,0.0364041604755,0.00148588410104,0.0193164933135
Group action,0.00384615384615,0.109807692308,0.000961538461538,0.1325,5200,0.00480769230769,0.0157692307692,0.0425,0.00134615384615,0.0273076923077
Hadwiger's theorem,0.0,0.0701754385965,0.0,0.0964912280702,342,0.00584795321637,0.00584795321637,0.0643274853801,0.0,0.0204678362573
Handedness,0.00764286955011,0.0576689247872,0.00156331422616,0.0826819524058,5757,0.00260552371027,0.00625325690464,0.0276185513288,0.00138961264548,0.0222338023276
Hermite spline,0.02,0.14,0.0,0.1,50,0.0,0.02,0.06,0.0,0.0
Heron's formula,0.00898587933248,0.103337612323,0.00192554557125,0.114249037227,1558,0.00513478818999,0.00256739409499,0.0314505776637,0.000641848523748,0.0263157894737
Heronian tetrahedron,0.00787401574803,0.102362204724,0.0,0.0472440944882,127,0.00787401574803,0.0157480314961,0.0708661417323,0.0157480314961,0.0236220472441
Heronian triangle,0.00056338028169,0.0608450704225,0.00056338028169,0.0614084507042,1775,0.00338028169014,0.00450704225352,0.0304225352113,0.00281690140845,0.0129577464789
Hidden line removal,0.00343642611684,0.0824742268041,0.0,0.0927835051546,291,0.00343642611684,0.00343642611684,0.0378006872852,0.00687285223368,0.020618556701
Hilbert's axioms,0.0103132161956,0.105423987777,0.000381970970206,0.105042016807,2618,0.00267379679144,0.00993124522536,0.0309396485867,0.00496562261268,0.0324675324675
Hilbert's third problem,0.00884955752212,0.0860820595334,0.0,0.0957361222848,1243,0.00724054706356,0.016894609815,0.0434432823813,0.00160901045857,0.0201126307321
Holditch's theorem,0.0,0.0988296488947,0.0,0.101430429129,769,0.0,0.00520156046814,0.0247074122237,0.00260078023407,0.0182054616385
Homogeneous coordinates,0.00346901017576,0.0982886216466,0.000462534690102,0.107770582794,4324,0.00323774283071,0.00624421831637,0.0395467160037,0.00346901017576,0.0222016651249
Homography,0.00368098159509,0.118036809816,0.000245398773006,0.113374233129,4075,0.00564417177914,0.00662576687117,0.0493251533742,0.0039263803681,0.0203680981595
Homothetic center,0.0119309262166,0.133751962323,0.00094191522763,0.11240188383,3185,0.00408163265306,0.0160125588697,0.0464678178964,0.00094191522763,0.0301412872841
Homothetic transformation,0.0,0.118673647469,0.0,0.0907504363002,573,0.00698080279232,0.0122164048866,0.0296684118674,0.00174520069808,0.0401396160558
Honeycomb (geometry),0.00519480519481,0.074025974026,0.000649350649351,0.0805194805195,1540,0.00454545454545,0.0123376623377,0.0396103896104,0.0025974025974,0.0194805194805
Hyperbola,0.00293358366581,0.160408354846,0.00105609011969,0.125674724243,8522,0.00797934757099,0.00809669091762,0.0404834545881,0.00117343346632,0.0238206993663
Hyperbolic geometry,0.00735294117647,0.0943277310924,0.00147058823529,0.0978991596639,4760,0.00441176470588,0.00714285714286,0.0350840336134,0.00378151260504,0.0220588235294
Hyperboloid,0.00315457413249,0.11356466877,0.00236593059937,0.11119873817,1268,0.00709779179811,0.00552050473186,0.0378548895899,0.000788643533123,0.0228706624606
Hyperplane,0.000853970964987,0.118701964133,0.00170794192997,0.111870196413,1171,0.00768573868488,0.0119555935098,0.0486763450043,0.00426985482494,0.0222032450897
Hyperplane at infinity,0.00250626566416,0.135338345865,0.00250626566416,0.122807017544,399,0.00250626566416,0.015037593985,0.0325814536341,0.00501253132832,0.00751879699248
Image analysis,0.00343642611684,0.0506872852234,0.00085910652921,0.0919243986254,1164,0.00343642611684,0.00773195876289,0.0231958762887,0.00085910652921,0.0378006872852
Incidence (geometry),0.011811023622,0.0807086614173,0.0,0.130905511811,1016,0.000984251968504,0.00492125984252,0.0521653543307,0.000984251968504,0.0374015748031
Incidence geometry,0.00987841945289,0.0957446808511,0.00227963525836,0.0851063829787,1316,0.00303951367781,0.0136778115502,0.0455927051672,0.00227963525836,0.0212765957447
Incircle and excircles of a triangle,0.00558659217877,0.110933758978,0.000798084596967,0.08419792498,2506,0.00438946528332,0.00678371907422,0.0391061452514,0.000798084596967,0.0343176376696
Infinitesimal transformation,0.00995024875622,0.112769485904,0.0,0.131011608624,603,0.00995024875622,0.0016583747927,0.0563847429519,0.00331674958541,0.0116086235489
Information geometry,0.00366544485172,0.109963345551,0.000666444518494,0.104298567144,3001,0.00633122292569,0.00699766744419,0.0456514495168,0.00399866711096,0.0303232255915
Inscribed angle,0.010612244898,0.115918367347,0.0,0.102857142857,1225,0.0114285714286,0.0065306122449,0.0457142857143,0.00244897959184,0.0310204081633
Integer triangle,0.00159968006399,0.0871825634873,0.000199960007998,0.0931813637273,5001,0.00459908018396,0.0111977604479,0.0389922015597,0.00199960007998,0.0279944011198
Integral geometry,0.0040899795501,0.118609406953,0.0040899795501,0.155419222904,489,0.00613496932515,0.0040899795501,0.0306748466258,0.0,0.0184049079755
Internal and external angle,0.0,0.1197053407,0.0,0.117863720074,543,0.0036832412523,0.0110497237569,0.0460405156538,0.0,0.0276243093923
Invariant (mathematics),0.00542299349241,0.114967462039,0.00108459869848,0.130151843818,1844,0.00216919739696,0.0119305856833,0.0536876355748,0.00433839479393,0.0206073752711
Inversive geometry,0.0035279025016,0.119948685055,0.00096215522771,0.113855035279,3118,0.00705580500321,0.00769724182168,0.0381654906992,0.00384862091084,0.0262989095574
Isometry,0.00561797752809,0.119850187266,0.00187265917603,0.0870786516854,1068,0.00280898876404,0.0102996254682,0.0533707865169,0.00749063670412,0.0290262172285
Isoperimetric inequality,0.00265856437524,0.105962780099,0.000759589821496,0.105962780099,2633,0.00683630839347,0.0106342575009,0.0410178503608,0.00227876946449,0.0201291302697
Isosceles trapezoid,0.00385728061716,0.122468659595,0.0,0.0945033751205,1037,0.00482160077146,0.0106075216972,0.0559305689489,0.000964320154291,0.0308582449373
Isosceles triangle,0.00408163265306,0.122448979592,0.000907029478458,0.105215419501,2205,0.00634920634921,0.00770975056689,0.037641723356,0.000907029478458,0.0226757369615
Johnson solid,0.00619408121129,0.0529938059188,0.0,0.0492085340674,2906,0.00516173434274,0.00516173434274,0.0340674466621,0.00516173434274,0.0247763248451
Kepler conjecture,0.00699844479005,0.096034214619,0.00116640746501,0.104199066874,2572,0.00272161741835,0.00660964230171,0.0283825816485,0.000777604976672,0.0159409020218
Kepler–Poinsot polyhedron,0.010835214447,0.0803611738149,0.000902934537246,0.0758465011287,2215,0.00316027088036,0.00993227990971,0.0252821670429,0.0058690744921,0.0261851015801
Kissing number problem,0.00147058823529,0.0911764705882,0.000490196078431,0.0955882352941,2040,0.00294117647059,0.0107843137255,0.0382352941176,0.00294117647059,0.0171568627451
Kite (geometry),0.00230840258541,0.104339796861,0.00184672206833,0.0877192982456,2166,0.0078485687904,0.0115420129271,0.0461680517082,0.000923361034164,0.0244690674054
Klein geometry,0.00308008213552,0.0965092402464,0.0,0.104722792608,974,0.00513347022587,0.0041067761807,0.0554414784394,0.00205338809035,0.0143737166324
Lattice (group),0.00519480519481,0.109523809524,0.0021645021645,0.112121212121,2310,0.004329004329,0.0108225108225,0.0415584415584,0.0038961038961,0.0242424242424
Leech lattice,0.00372323921812,0.100527458889,0.00093080980453,0.0940117902575,3223,0.00651566863171,0.00775674837108,0.0338194228979,0.00124107973937,0.0183059261558
Lie sphere geometry,0.00454250486697,0.104044992429,0.00064892926671,0.0992861778066,4623,0.00367726584469,0.00800346095609,0.0385031364915,0.00259571706684,0.0272550292018
Line (geometry),0.00791249709099,0.113102164301,0.00186176402141,0.107284151734,4297,0.0048871305562,0.0111705841285,0.048871305562,0.00744705608564,0.025133814289
Line at infinity,0.0115303983229,0.116352201258,0.0,0.122641509434,954,0.00524109014675,0.0136268343816,0.0398322851153,0.0041928721174,0.0157232704403
List of circle topics,0.0,0.0289256198347,0.0,0.068870523416,726,0.00137741046832,0.0,0.00413223140496,0.00275482093664,0.0151515151515
List of interactive geometry software,0.00314795383001,0.0501573976915,0.001259181532,0.0514165792235,4765,0.00503672612802,0.00566631689402,0.0222455403987,0.000839454354669,0.0262329485834
List of triangle inequalities,0.00861344537815,0.0943277310924,0.0,0.0871848739496,4760,0.00210084033613,0.00861344537815,0.0201680672269,0.000210084033613,0.0310924369748
List of triangle topics,0.0,0.0199714693295,0.0,0.0656205420827,701,0.00142653352354,0.0,0.00285306704708,0.00142653352354,0.00855920114123
List of trigonometry topics,0.002886002886,0.012987012987,0.0,0.0894660894661,693,0.001443001443,0.004329004329,0.00721500721501,0.0,0.01443001443
Locus (mathematics),0.00335195530726,0.143016759777,0.00111731843575,0.102793296089,895,0.00111731843575,0.0100558659218,0.0435754189944,0.00223463687151,0.0178770949721
Mathematical morphology,0.00156298843389,0.0928415129728,0.00125039074711,0.0978430759612,3199,0.00437636761488,0.00625195373554,0.0396999062207,0.000312597686777,0.0393873085339
Mathematics,0.0040472544301,0.0635528330781,0.00196893458762,0.0976810325968,9142,0.00448479544957,0.00787573835047,0.0295340188143,0.00196893458762,0.0316123386567
Mathematics and fiber arts,0.00251046025105,0.0577405857741,0.0,0.0635983263598,1195,0.0,0.00585774058577,0.0209205020921,0.0,0.0259414225941
Matrix representation of conic sections,0.01259181532,0.124868835257,0.00104931794334,0.112277019937,953,0.0167890870934,0.00524658971668,0.0461699895068,0.00104931794334,0.0325288562434
Minkowski addition,0.0050831792976,0.0767097966728,0.00138632162662,0.0873382624769,2164,0.00462107208872,0.00739371534196,0.021719038817,0.000462107208872,0.014325323475
Minkowski space,0.00570913461538,0.0835336538462,0.00120192307692,0.0895432692308,3328,0.00450721153846,0.00811298076923,0.0387620192308,0.00300480769231,0.0189302884615
Minkowski's theorem,0.0081053698075,0.0840932117528,0.0,0.111448834853,987,0.00709219858156,0.0111448834853,0.0385005065856,0.00709219858156,0.0222897669706
Mirror image,0.00763941940413,0.136745607334,0.000763941940413,0.146676852559,1309,0.00916730328495,0.00534759358289,0.0381970970206,0.0061115355233,0.0305576776165
Monge's theorem,0.00341296928328,0.122866894198,0.0,0.107508532423,586,0.00170648464164,0.0221843003413,0.0324232081911,0.00341296928328,0.0170648464164
Mrs. Miniver's problem,0.010752688172,0.129032258065,0.00215053763441,0.109677419355,465,0.00860215053763,0.00645161290323,0.0408602150538,0.00430107526882,0.0258064516129
Möbius transformation,0.00628246949378,0.120816721034,0.000483266884137,0.107647698441,8277,0.00374531835206,0.00869880391446,0.0396278844992,0.00205388425758,0.0207804760179
N-sphere,0.00266134397871,0.115103127079,0.000665335994677,0.0998003992016,3006,0.00365934797073,0.00698602794411,0.0349301397206,0.000665335994677,0.0163007318696
Napkin ring problem,0.00202839756592,0.144016227181,0.0,0.135902636917,986,0.00608519269777,0.00101419878296,0.0304259634888,0.00709939148073,0.025354969574
Nine-point circle,0.00423131170663,0.134461683122,0.000470145745181,0.0954395862717,2127,0.00517160319699,0.0075223319229,0.0282087447109,0.000940291490362,0.0230371415139
Non-Euclidean geometry,0.00975127190503,0.0874788015828,0.000989259468626,0.103306953081,7076,0.00395703787451,0.00763143018655,0.0333521763708,0.00409836065574,0.0236009044658
Non-uniform rational B-spline,0.00505561172902,0.110616784631,0.00121334681496,0.104145601618,4945,0.00707785642063,0.00707785642063,0.0459049544995,0.00283114256825,0.0273003033367
Noncommutative geometry,0.00397702165267,0.0707026071586,0.00132567388422,0.101193106496,2263,0.00265134776845,0.00839593460009,0.0269553689792,0.00176756517897,0.0212107821476
Normal (geometry),0.0016501650165,0.162266226623,0.0016501650165,0.118261826183,1818,0.00660066006601,0.003300330033,0.0539053905391,0.0038503850385,0.018701870187
Ordered geometry,0.00283822138127,0.0946073793756,0.0,0.102175969726,1057,0.000946073793756,0.0085146641438,0.0359508041627,0.0085146641438,0.0293282876064
Orthocentric system,0.00384193194292,0.150933040615,0.00109769484083,0.0949506037322,1822,0.00713501646542,0.0142700329308,0.0351262349067,0.000548847420417,0.0225027442371
Orthodiagonal quadrilateral,0.00291885580852,0.137769994162,0.000583771161705,0.108581436077,1713,0.00408639813193,0.0122591943958,0.0443666082896,0.000583771161705,0.0233508464682
Oval (projective plane),0.00276381909548,0.0746231155779,0.0,0.0841708542714,3980,0.00175879396985,0.00753768844221,0.0306532663317,0.00251256281407,0.0158291457286
Pappus's centroid theorem,0.00323624595469,0.129449838188,0.0,0.113268608414,309,0.00647249190939,0.0,0.0258899676375,0.0,0.0355987055016
Pappus's hexagon theorem,0.00632911392405,0.0800180831826,0.0,0.0953887884268,2212,0.00316455696203,0.00542495479204,0.0420433996383,0.00361663652803,0.0262206148282
Parabola,0.00433160871135,0.146552761401,0.00108290217784,0.12164601131,8311,0.00709902538804,0.00649741306702,0.0486102755384,0.00204548189147,0.0239441703766
Parabolic geometry (differential geometry),0.0,0.140271493213,0.00226244343891,0.108597285068,442,0.00678733031674,0.00226244343891,0.0475113122172,0.0,0.0135746606335
Parabolic microphone,0.00990099009901,0.0891089108911,0.003300330033,0.118811881188,303,0.0,0.00990099009901,0.042904290429,0.00660066006601,0.019801980198
Parabolic reflector,0.00426136363636,0.118607954545,0.00284090909091,0.112215909091,2816,0.0110085227273,0.00532670454545,0.0493607954545,0.00355113636364,0.0245028409091
Paraboloid,0.00235478806907,0.137362637363,0.000784929356358,0.105180533752,1274,0.00706436420722,0.00235478806907,0.0478806907378,0.00156985871272,0.0259026687598
Parallel (geometry),0.0131386861314,0.0948905109489,0.00109489051095,0.103649635036,2740,0.0043795620438,0.00620437956204,0.0489051094891,0.00912408759124,0.0251824817518
Parallel postulate,0.0204687036488,0.0910708988431,0.0,0.0961139127855,3371,0.00533966182142,0.009196084248,0.036784336992,0.00593295757935,0.0204687036488
Parallelepiped,0.0031746031746,0.115555555556,0.000634920634921,0.0901587301587,1575,0.00634920634921,0.00825396825397,0.0425396825397,0.00126984126984,0.024126984127
Parallelogram law,0.0,0.131972789116,0.0,0.100680272109,735,0.00544217687075,0.00544217687075,0.0353741496599,0.00272108843537,0.0244897959184
Parametric equation,0.00134138162307,0.107310529846,0.00134138162307,0.116700201207,1491,0.00201207243461,0.00871898054997,0.0429242119383,0.00201207243461,0.0254862508384
Parametric surface,0.0031113876789,0.151213441195,0.00248911014312,0.110765401369,1607,0.00435594275047,0.00684505289359,0.0460485376478,0.000622277535781,0.025513378967
Pascal's theorem,0.00603318250377,0.100678733032,0.000754147812971,0.108597285068,2652,0.0026395173454,0.0052790346908,0.0328054298643,0.000377073906486,0.0192307692308
Pattern,0.0032292787944,0.0513096519555,0.00143523501973,0.0764262648009,2787,0.0032292787944,0.00717617509867,0.0229637603158,0.00251166128454,0.0290635091496
Pedal triangle,0.0,0.099730458221,0.0,0.0835579514825,742,0.0,0.00269541778976,0.0242587601078,0.00269541778976,0.0148247978437
Pedoe's inequality,0.0,0.117647058824,0.0,0.126696832579,221,0.00452488687783,0.00452488687783,0.0316742081448,0.00904977375566,0.0361990950226
Penrose tiling,0.00391330523781,0.0862432269717,0.00135460565924,0.0891029500301,6644,0.00376279349789,0.00722456351595,0.0298013245033,0.00210716435882,0.0293497892836
Pi,0.0037004788855,0.0712523581483,0.00116093455231,0.086707299376,13782,0.00457117979974,0.00602234799013,0.0268466115223,0.00282977797127,0.0249600928748
Pick's theorem,0.0137142857143,0.0971428571429,0.00228571428571,0.112,875,0.008,0.008,0.0365714285714,0.00114285714286,0.016
Plane at infinity,0.00314465408805,0.126834381551,0.0,0.110062893082,954,0.00314465408805,0.0167714884696,0.0303983228512,0.0020964360587,0.0146750524109
Platonic solid,0.00606493043168,0.111487691759,0.00160542276133,0.0993578308955,5606,0.00392436674991,0.0128433820906,0.0387085265787,0.0012486621477,0.023011059579
Point (geometry),0.00470311581423,0.0899470899471,0.00352733686067,0.0964138741917,1701,0.00470311581423,0.00999412110523,0.0388007054674,0.00352733686067,0.0217519106408
Point at infinity,0.00677966101695,0.127683615819,0.00112994350282,0.109604519774,885,0.00225988700565,0.00790960451977,0.0350282485876,0.0135593220339,0.0180790960452
Point group,0.00290878869728,0.0243091626844,0.000207770621234,0.0284645751091,4813,0.000623311863702,0.00332432993975,0.0091419073343,0.0,0.0112196135466
Point groups in three dimensions,0.0063372995344,0.0924728401449,0.000129332643559,0.100362131402,7732,0.00504397309881,0.00775995861355,0.0377651319193,0.00271598551474,0.0250905328505
Point groups in two dimensions,0.00486080424216,0.090587715422,0.000883782589483,0.0945647370747,2263,0.00265134776845,0.0145824127265,0.0318161732214,0.00220945647371,0.0278391515687
Point in polygon,0.0020964360587,0.122292103424,0.0020964360587,0.11320754717,1431,0.00908455625437,0.0118798043326,0.0300489168414,0.0041928721174,0.0174703004892
Point location,0.0136286201022,0.103918228279,0.0,0.0890119250426,2348,0.00553662691652,0.0127768313458,0.0332197614991,0.00255536626917,0.0166098807496
Polar sine,0.0015873015873,0.111111111111,0.0,0.122222222222,630,0.00634920634921,0.0047619047619,0.0349206349206,0.0031746031746,0.0142857142857
Polygon,0.0049515164019,0.0856199711162,0.0016505054673,0.0750979987621,4847,0.00536414276872,0.0111409119043,0.0342479884465,0.00412626366825,0.0297090984114
Polygon triangulation,0.00354107648725,0.0701133144476,0.0014164305949,0.0800283286119,1412,0.0028328611898,0.0056657223796,0.0276203966006,0.0,0.0212464589235
Polyhedron,0.00850701829009,0.096980008507,0.00113426910535,0.0966964412307,7053,0.00567134552673,0.0157379838367,0.0431022260031,0.00396994186871,0.0293492131008
Polytope,0.00466562986003,0.0898911353033,0.000311041990669,0.09300155521,3215,0.0049766718507,0.0102643856921,0.0367029548989,0.00311041990669,0.0314152410575
Polytope compound,0.00271002710027,0.0666666666667,0.000542005420054,0.0639566395664,1845,0.00271002710027,0.00867208672087,0.0265582655827,0.00108401084011,0.0168021680217
Poncelet–Steiner theorem,0.00282485875706,0.0677966101695,0.0,0.0819209039548,354,0.00847457627119,0.00847457627119,0.0310734463277,0.0112994350282,0.0254237288136
Pons asinorum,0.00586797066015,0.0973105134474,0.0,0.0933985330073,2045,0.0078239608802,0.0039119804401,0.039608801956,0.00342298288509,0.0317848410758
Power center (geometry),0.0,0.102201257862,0.00157232704403,0.0990566037736,636,0.00471698113208,0.0157232704403,0.0251572327044,0.0,0.0125786163522
Prism (geometry),0.00117096018735,0.0901639344262,0.0,0.0685011709602,1708,0.00409836065574,0.00351288056206,0.0386416861827,0.00117096018735,0.0204918032787
Prismatoid,0.00214132762313,0.0877944325482,0.0,0.10278372591,467,0.00642398286938,0.0107066381156,0.0364025695931,0.0,0.0278372591006
Projective geometry,0.00309936189608,0.0833181403829,0.00127620783956,0.107019143118,5485,0.00546946216955,0.0100273473108,0.0357338195077,0.00382862351869,0.0255241567912
Projective line,0.0034188034188,0.100854700855,0.0011396011396,0.104273504274,1755,0.0045584045584,0.00854700854701,0.0358974358974,0.0022792022792,0.00854700854701
Projective line over a ring,0.00537441777141,0.0899319240416,0.0,0.0902902185597,2791,0.00322465066284,0.00250806162666,0.0311716230742,0.0,0.0211393765675
Projective plane,0.0061871616396,0.108662026295,0.00025779840165,0.0973188966228,7758,0.0030935808198,0.0127610208817,0.0444702242846,0.00502706883217,0.0188192833204
Projective space,0.00346553715826,0.0914516750096,0.00134770889488,0.0910666153254,5194,0.00462071621101,0.00943396226415,0.041393916057,0.00346553715826,0.0182903350019
Prototile,0.00138696255201,0.0804438280166,0.00138696255201,0.0707350901526,721,0.00554785020804,0.0138696255201,0.0346740638003,0.00277392510402,0.0208044382802
Pseudosphere,0.00108695652174,0.095652173913,0.0,0.0923913043478,920,0.00760869565217,0.00434782608696,0.0271739130435,0.0,0.0195652173913
Ptolemy's theorem,0.00606585788562,0.100519930676,0.000866551126516,0.106585788562,2308,0.00909878682842,0.00259965337955,0.0320623916811,0.00216637781629,0.0225303292894
Pyramid (geometry),0.00183598531212,0.111995104039,0.000611995104039,0.0801713586291,1634,0.00183598531212,0.0134638922889,0.0416156670747,0.0,0.0232558139535
Pythagorean theorem,0.00401123144805,0.109025270758,0.000882470918572,0.0991576413959,12465,0.00312876052948,0.00649819494585,0.0304853590052,0.00160449257922,0.0211793020457
Pythagorean triple,0.00347624565469,0.0909090909091,0.00021068155483,0.0893289792479,9493,0.00431897187401,0.00969135152217,0.0366585905404,0.00273886021279,0.0229642894765
Quadric,0.00376789751319,0.0949510173323,0.00150715900528,0.0994724943482,1327,0.00226073850791,0.00828937452901,0.0406932931424,0.000753579502638,0.0286360211002
Quadrilateral,0.00227747200607,0.116910229645,0.000189789333839,0.0920478269121,5269,0.00379578667679,0.00759157335358,0.0404251281078,0.00208768267223,0.0292275574113
Quantum geometry,0.0009765625,0.0634765625,0.0029296875,0.0693359375,1024,0.00390625,0.0048828125,0.0263671875,0.0,0.0126953125
Quasicrystal,0.00723327305606,0.0671087000201,0.000803697006229,0.088004822182,4977,0.00482218203737,0.0056258790436,0.0283303194696,0.00261201527024,0.0231062889291
Ray tracing (graphics),0.00640751815463,0.106791969244,0.00128150363093,0.107859888936,4682,0.00747543784707,0.0117471166168,0.0363092695429,0.00299017513883,0.0277659120034
Rectangle,0.000867678958785,0.100650759219,0.000433839479393,0.104121475054,2305,0.00997830802603,0.0130151843818,0.0459869848156,0.00260303687636,0.0216919739696
Reflection (mathematics),0.00263852242744,0.129287598945,0.0,0.124890061566,1137,0.00439753737907,0.00703605980651,0.0404573438874,0.00263852242744,0.0158311345646
Regular Polytopes (book),0.00457317073171,0.0853658536585,0.0,0.0975609756098,656,0.00914634146341,0.00762195121951,0.0213414634146,0.0,0.0411585365854
Regular polytope,0.00617772849675,0.0997940757168,0.000633613179154,0.0882306351972,6313,0.00491050213844,0.0131474734674,0.041184856645,0.00269285601141,0.0281957864724
Relative direction,0.00843373493976,0.0855421686747,0.00180722891566,0.089156626506,1660,0.00542168674699,0.00602409638554,0.0373493975904,0.00301204819277,0.0343373493976
Reuleaux triangle,0.00218459858001,0.0922992900055,0.00163844893501,0.105953031131,1831,0.00709994538504,0.00764609503004,0.0333151283452,0.00436919716002,0.0163844893501
Rhombus,0.0,0.137160120846,0.000604229607251,0.0978851963746,1655,0.00725075528701,0.0187311178248,0.0447129909366,0.000604229607251,0.0229607250755
Riemann sphere,0.0048971596474,0.122102513875,0.00130590923931,0.100555011427,3063,0.00620306888671,0.0120796604636,0.0444009141365,0.00424420502775,0.0179562520405
Riemannian geometry,0.00282485875706,0.0640301318267,0.00188323917137,0.0913370998117,2124,0.00800376647834,0.00988700564972,0.0277777777778,0.00141242937853,0.0122410546139
Right triangle,0.00137804317869,0.139641708774,0.0,0.0914101975195,2177,0.00413412953606,0.00780891134589,0.0385852090032,0.000459347726229,0.0312356453836
Robot control,0.00526315789474,0.0263157894737,0.0,0.0315789473684,190,0.0,0.00526315789474,0.0210526315789,0.00526315789474,0.0210526315789
Roman surface,0.00832342449465,0.110582639715,0.000396353547364,0.10225921522,2523,0.0107015457788,0.00871977804201,0.0439952437574,0.00237812128419,0.0237812128419
Root system,0.00660550458716,0.0900917431193,0.0,0.0963302752294,5450,0.00293577981651,0.0100917431193,0.037247706422,0.00275229357798,0.0234862385321
Rotation (mathematics),0.00513750377758,0.116953762466,0.00362647325476,0.113629495316,3309,0.00664853430039,0.00815956482321,0.0519794499849,0.00453309156845,0.0235720761559
Ruppeiner geometry,0.00554016620499,0.112188365651,0.0,0.106648199446,722,0.01108033241,0.00415512465374,0.0650969529086,0.00415512465374,0.0138504155125
Sangaku,0.00287769784173,0.0618705035971,0.0,0.0863309352518,695,0.00143884892086,0.00431654676259,0.0230215827338,0.00143884892086,0.0302158273381
Schläfli symbol,0.00166223404255,0.0511968085106,0.000332446808511,0.048204787234,3008,0.00166223404255,0.00332446808511,0.0295877659574,0.0,0.0196143617021
Semi-major axis,0.000716332378223,0.143266475645,0.000716332378223,0.110315186246,1396,0.00573065902579,0.00286532951289,0.0444126074499,0.000716332378223,0.0272206303725
Shape,0.0126641651032,0.094277673546,0.00093808630394,0.0984990619137,2132,0.00609756097561,0.00797373358349,0.0520637898687,0.00562851782364,0.031894934334
Shear mapping,0.00634057971014,0.134057971014,0.0018115942029,0.110507246377,1104,0.00634057971014,0.0144927536232,0.0371376811594,0.00271739130435,0.026268115942
Similarity (geometry),0.00530705079606,0.0974222896133,0.00113722517058,0.0962850644428,2638,0.00303260045489,0.0147839272176,0.0511751326763,0.00379075056861,0.0227445034117
Soddy's hexlet,0.00645161290323,0.116559139785,0.000860215053763,0.105376344086,2325,0.00860215053763,0.00731182795699,0.04,0.00344086021505,0.0305376344086
Solid geometry,0.00284090909091,0.09375,0.0,0.0880681818182,352,0.00284090909091,0.00284090909091,0.0284090909091,0.00284090909091,0.0454545454545
Space group,0.00401412973667,0.0696852922286,0.0,0.0759473346179,6228,0.00385356454721,0.00610147719974,0.0298651252408,0.0014450867052,0.0176621708414
Sphere,0.00157397691501,0.146642182581,0.00157397691501,0.110703043022,3812,0.00734522560336,0.014165792235,0.050629590766,0.00209863588667,0.0183630640084
Sphere packing,0.00390243902439,0.0907317073171,0.0019512195122,0.0956097560976,3075,0.00260162601626,0.00910569105691,0.0308943089431,0.00130081300813,0.0169105691057
Spherical geometry,0.00277008310249,0.0963988919668,0.000554016620499,0.0997229916898,1805,0.00387811634349,0.00554016620499,0.0376731301939,0.00664819944598,0.015512465374
Spherical trigonometry,0.0043202764977,0.126728110599,0.0014400921659,0.104550691244,3472,0.00230414746544,0.00576036866359,0.0377304147465,0.00172811059908,0.0285138248848
Sphericon,0.0,0.117824773414,0.0,0.129909365559,331,0.0302114803625,0.00906344410876,0.02416918429,0.0,0.02416918429
Spheroid,0.0,0.131326949384,0.00136798905609,0.120383036936,731,0.0123119015048,0.00683994528044,0.06292749658,0.0,0.0259917920657
Spline (mathematics),0.00328767123288,0.0668493150685,0.00109589041096,0.0898630136986,1825,0.00164383561644,0.00383561643836,0.0290410958904,0.000547945205479,0.0268493150685
Square,0.000948766603416,0.119070208729,0.000948766603416,0.0896584440228,2108,0.00474383301708,0.0132827324478,0.0436432637571,0.000948766603416,0.0246679316888
Squaring the circle,0.0113997879109,0.097295864263,0.00106044538706,0.106839872747,3772,0.0076882290562,0.00503711558855,0.0347295864263,0.00424178154825,0.0185577942736
Star polygon,0.00335570469799,0.074384787472,0.00111856823266,0.07774049217,1788,0.00279642058166,0.00503355704698,0.0369127516779,0.00559284116331,0.0318791946309
Steiner chain,0.00469189865499,0.128558023147,0.000938379730998,0.109477635283,3197,0.00250234594933,0.0115733500156,0.0353456365343,0.001876759462,0.0294025649046
Stereographic projection,0.00452816518747,0.108313711284,0.000905633037493,0.102879913059,5521,0.00670168447745,0.00706393769245,0.0309726498823,0.00253577250498,0.0226408259373
Straightedge,0.00621118012422,0.055900621118,0.0,0.055900621118,644,0.0201863354037,0.00931677018634,0.027950310559,0.00310559006211,0.027950310559
Strähle construction,0.016609496299,0.0801588734429,0.00198591803575,0.111933562015,5539,0.00722152012999,0.00523560209424,0.0250947824517,0.002166456039,0.0254558584582
Symmedian,0.00888888888889,0.12,0.0,0.0933333333333,675,0.00740740740741,0.00296296296296,0.0192592592593,0.0,0.0266666666667
Symmetry,0.00501054852321,0.0611814345992,0.00158227848101,0.0893987341772,3792,0.00501054852321,0.00632911392405,0.0276898734177,0.00105485232068,0.0366561181435
Symmetry group,0.00723404255319,0.115319148936,0.000425531914894,0.12,2350,0.00808510638298,0.0114893617021,0.0417021276596,0.00297872340426,0.0212765957447
Symplectic geometry,0.00297619047619,0.0967261904762,0.0,0.0907738095238,1344,0.00223214285714,0.00818452380952,0.0327380952381,0.00223214285714,0.0133928571429
Synthetic geometry,0.00776053215078,0.0814855875831,0.00166297117517,0.110310421286,1804,0.00443458980044,0.009977827051,0.0443458980044,0.00388026607539,0.0293791574279
Systolic geometry,0.00405534351145,0.107347328244,0.00143129770992,0.120467557252,4192,0.00524809160305,0.00500954198473,0.0288645038168,0.00166984732824,0.0140744274809
Tangential quadrilateral,0.00443510737628,0.112044817927,0.000233426704015,0.0945378151261,4284,0.0046685340803,0.00420168067227,0.0429505135387,0.00140056022409,0.031512605042
Taxicab geometry,0.00197433366239,0.110562685094,0.000987166831194,0.120434353406,1013,0.00691016781836,0.00691016781836,0.0335636722606,0.00296150049358,0.0236920039487
Tessellation,0.00364753311576,0.080629679401,0.00191975427145,0.0812056056825,5209,0.00307160683433,0.0117105010559,0.0334037243233,0.00134382799002,0.0226531004031
Tetrahedron,0.00358422939068,0.103804797353,0.000275709953129,0.0861593603529,7254,0.0046870692032,0.00827129859388,0.031982354563,0.0023435346016,0.0213675213675
Thales' theorem,0.00720164609053,0.110596707819,0.00154320987654,0.106481481481,1944,0.00668724279835,0.00514403292181,0.0524691358025,0.000514403292181,0.0277777777778
The Method of Mechanical Theorems,0.00991150442478,0.153628318584,0.0,0.141238938053,2825,0.00778761061947,0.00778761061947,0.0467256637168,0.00212389380531,0.0173451327434
Topology,0.00398671096346,0.0848283499446,0.000221483942414,0.096788482835,4515,0.00398671096346,0.00952380952381,0.0403100775194,0.00398671096346,0.0254706533776
Toric variety,0.00582241630277,0.126637554585,0.00145560407569,0.12154294032,1374,0.00873362445415,0.00727802037846,0.0349344978166,0.0,0.0138282387191
Torus,0.00246360582307,0.126091825308,0.0013437849944,0.100559910414,4465,0.00627099664054,0.00559910414334,0.0434490481523,0.003359462486,0.0172452407615
Transformation geometry,0.00898876404494,0.0831460674157,0.00149812734082,0.113108614232,1335,0.00449438202247,0.00524344569288,0.0202247191011,0.00224719101124,0.0194756554307
Translation (geometry),0.00114416475973,0.132723112128,0.00114416475973,0.104118993135,874,0.00114416475973,0.0114416475973,0.0354691075515,0.0,0.0171624713959
Translational symmetry,0.00640512409928,0.132105684548,0.0,0.123298638911,1249,0.00320256204964,0.013610888711,0.0416333066453,0.00880704563651,0.0208166533227
Trapezoid,0.00369306524415,0.133771029955,0.000410340582684,0.108329913828,2437,0.00451374640952,0.00615510874025,0.0385720147723,0.00123102174805,0.0279031596225
Triangle,0.00406307439296,0.131856438038,0.00125761826449,0.111057366741,10337,0.00609461158944,0.0107381251814,0.044016639257,0.00203153719648,0.0267969430202
Triangle inequality,0.00211352657005,0.119565217391,0.000905797101449,0.106280193237,3312,0.0042270531401,0.00875603864734,0.0365338164251,0.0012077294686,0.0211352657005
Trigonometry,0.00745626613134,0.0886148551764,0.00057355893318,0.102667049039,3487,0.00200745626613,0.00659592773157,0.0309721823917,0.00057355893318,0.0312589618583
Tropical geometry,0.00534045393858,0.0540720961282,0.000667556742323,0.06608811749,1498,0.00333778371162,0.00333778371162,0.022696929239,0.0,0.0180240320427
Uniform polyhedron,0.00212314225053,0.0411117544876,0.000965064659332,0.0494113105578,5181,0.00212314225053,0.00482532329666,0.0165991121405,0.000772051727466,0.0154410345493
Uniform tessellation,0.00116686114352,0.0385064177363,0.0,0.0560093348891,857,0.00116686114352,0.00700116686114,0.0105017502917,0.0,0.0198366394399
Van Hiele model,0.0213687554144,0.0967369332948,0.0014438348253,0.108576378862,3463,0.00664164019636,0.00693040716142,0.0476465492348,0.0115506786024,0.0257002598903
Voronoi diagram,0.0054404687173,0.0872567482737,0.000627746390458,0.0931157145846,4779,0.00334798074911,0.00941619585687,0.032433563507,0.00167399037456,0.0205063820883
Wallace–Bolyai–Gerwien theorem,0.0,0.119914346895,0.0,0.104925053533,467,0.00428265524625,0.0214132762313,0.0449678800857,0.00214132762313,0.03426124197
Wallpaper group,0.00740829250807,0.0917672362289,0.000477954355359,0.100131437448,8369,0.00633289520851,0.00920062134066,0.0373999283068,0.00382363484287,0.0252120922452
Wang tile,0.00568769389866,0.0553257497415,0.000517063081696,0.0729058945191,1934,0.00310237849018,0.00620475698035,0.0196483971044,0.00361944157187,0.0191313340228
Zonohedron,0.00311915159077,0.116032439177,0.00124766063631,0.102308172177,1603,0.00249532127261,0.0199625701809,0.0280723643169,0.00124766063631,0.0168434185901
